balance,num_txn,avg_tx_value,avg_gas,avg_gas_used,avg_gas_price,avg_tx_fee,avg_tx_pct
834712117749628416029,10000,2.7827876612750607e+18,26600.2,21823.146,47199700000.0,1030045944256200.0,0.00037014895480176076
811016143123628696005,10000,4517734006000000.0,249793.9,70310.325,53034100000.0,3728844807082500.0,0.8253794495493146
793392807747948753075,10000,3.3882023792613934e+18,73482.8,30866.746,50291900000.0,1552347303157400.0,0.00045816250902220364
634267487161196657,1397,2.999697999908473e+17,211572.392,135307.566,128244976864.175,1.7352515671217832e+16,0.05784754222507497
3236329250000000000,231,4.335686003687063e+17,53716.883,21000.0,35175798600.823,738691770617283.0,0.001703748311084106
845456372108119061,10000,8.468734538210112e+16,47166.7,21003.622000000003,269862246136.69897,5668084609926186.0,0.06692953456448937
5279094817175941681,495,7.879582170744713e+17,73092.386,21303.4,19019322557.588,405176236173320.25,0.0005142103063251974
3841693110000000000,277,2.704118167532078e+17,98277.978,21000.0,29203194500.852,613267084517892.0,0.0022679004633794986
3006651464999699406,1261,1.9995896519793551e+18,119198.866,22208.941000000003,23529383630.18,522562692809033.5,0.00026133496554743557
2431397500000000000,109,3.80039945476934e+17,100431.19300000001,21000.0,62421050250.29401,1310842055256174.2,0.003449221774861385
3307568990000000000,221,6.508087247064859e+17,93592.76,21000.0,34307876051.602,720465397083642.0,0.0011070309443201936
944346198001814484,277,2.567570303176961e+17,71227.437,21000.0,37198477968.487,781168037338227.0,0.0030424406933342992
3392957140000000000,174,4.297668322719036e+17,95965.51699999999,21000.0,31510624301.839,661723110338619.0,0.001539725871446408
59847604448468022500,410,1.244279074445166e+18,98027.30699999999,35937.041,121656295293.785,4371967271880858.5,0.00351365490400966
9960000000000000000,695,1.3259758473381294e+17,368794.898,301077.147,158545683085.153,4.7734481932444024e+16,0.3599951087213999
30708159451857413,10000,1.71292039200149e+17,142812.913,36312.75,100022332558.25099,3632085956604628.5,0.021204055795965265
840142511386017048,448,9.249284533665197e+16,211293.667,131088.31699999998,126685352344.96,1.6606969627452808e+16,0.17954869446395974
8198685206666595288,2001,2.4935132805134618e+17,169630.667,119329.049,66558930702.165,7942413903146252.0,0.03185230239283409
975615088653622857,623,2.4276544638428687e+18,205050.62600000002,155542.456,115013875626.236,1.7889540688983284e+16,0.00736906382495017
912404724063952181,40,1.1689861545268854e+17,156718.175,99128.825,70373641552.625,6976056398082892.0,0.0596761250855555
289412270000000000,134,1.9788432607312108e+18,100417.91,21000.0,78273381262.47,1643741006511870.0,0.0008306575053875082
4413642450000000000,1319,1.0115159520821326e+18,80300.379,21021.762000000002,20407058953.23,428992336434770.25,0.0004241083252831757
7338976656532081809,115,2.3948035789654287e+18,85405.12199999999,59793.026,111903991296.05199,6691078261068610.0,0.0027939987729428736
861176870983507622,432,4.297034871270004e+17,146274.62300000002,97918.836,150845433282.4,1.4770609242928266e+16,0.03437395712491102
6574129283460849568,430,1.1573754378685135e+18,21000.0,21000.0,114110058020.01599,2396311218420336.0,0.0020704700825805626
3330890381234082413,1749,5.942579923344573e+17,173639.525,111516.368,145022438783.443,1.6172375651631902e+16,0.027214401590294212
803019893494005537,578,1.888803022885629e+17,292627.96,184152.042,97666100724.294,1.7985411882556418e+16,0.09522121504803135
2604975751938232641,340,2.331984508165491e+17,262251.526,164241.447,91864438344.085,1.5087948281474804e+16,0.06470003650815023
536234628804029115,41,8.326620326373788e+17,235795.02399999998,124067.61,147759518555.415,1.833217032192099e+16,0.02201633988745177
5153905318505629495,336,1.4605061057146294e+18,209869.375,139988.631,123678180281.711,1.7313539142207916e+16,0.011854479125053953
532668501329162247,1114,1.0134828252557517e+17,211755.079,153499.214,84977510291.00099,1.3043981037345564e+16,0.1287045099560905
4812392195231517482,41,1.6643969883776982e+17,86314.146,47694.805,107772096870.61,5140169144684854.0,0.030883071650442122
4257473820782800020,5778,8.423146167907373e+17,223708.568,140559.869,72425528098.005,1.0180122741711404e+16,0.012085891113344564
706034975987673552,204,5.847929904763429e+17,208105.319,137829.853,100019067891.471,1.3785613424678468e+16,0.023573492926872126
2595546750000000000,61,3.453227380938852e+17,102065.57400000001,21000.0,63055318904.492004,1324161696994332.0,0.003834562717484081
5365615341905605891,73,3.3605285227470125e+17,91315.06800000001,21000.0,121250906948.82199,2546269045925262.0,0.007576989835646012
6703561030414452411,290,2.643192747961395e+17,238954.638,111505.30300000001,64219610712.366,7160827151024417.0,0.027091581408685842
630710438408630004,421,3.624330151460082e+17,139879.409,95559.869,84150341275.173,8041395588560826.0,0.02218726013501089
76241923413845755,1632,1.638419669063913e+17,203152.84399999998,140563.99300000002,94334467208.547,1.3260029388360932e+16,0.0809318249697091
2977500000000000000,80,7.2125e+17,100079.68800000001,63048.812000000005,159016002430.913,1.0025770042258178e+16,0.013900547718902154
4037855900703675912,66,5.312720538181818e+17,349494.03,248751.53,134569341490.909,3.3474329586956092e+16,0.06300788710111989
3064341264216887204,802,1.0507038162737618e+18,143994.51,94969.334,75207703559.52701,7142425518717710.0,0.0067977534754254144
7225000000000000000,625,1.27504e+17,270421.158,267206.843,105327998343.229,2.8144361916803452e+16,0.220733168502976
652687281336087096,233,1.5233177480748627e+17,227347.725,153801.854,88246406571.18,1.3572460939485266e+16,0.08909802932866671
7503173941715184622,535,1.7952922238301325e+18,157350.28,21048.127,39275748458.108,826680941566311.4,0.00046047152134522394
4866594509437430028,12,4.4285255699229626e+17,132586.667,42402.083,52644716223.167,2232245626806173.5,0.005040606837559719
5962045379630275337,295,2.098300911357554e+18,97789.83099999999,21034.307999999997,55717061201.414,1171969826165392.0,0.0005585327727886053
885532503881474850,406,1.1210838972694144e+18,94650.246,21000.0,54722232326.722,1149166878861162.0,0.0010250498483299496
6740676007750115771,459,4.5932827419962665e+18,162034.858,21000.0,53930445666.292,1132539358992132.0,0.0002465642597259153
7083468335335202340,1425,4.1766936555563305e+18,122994.386,21000.0,20038553283.053,420809618944113.0,0.00010075185149964312
7175464733417499847,1099,3.741302019700432e+18,76391.265,21168.679,30841680455.899,652877633391499.5,0.0001745054609207347
5775980329527927252,717,3.612911941971773e+18,150260.809,21000.0,51525170930.053,1082028589531113.0,0.0002994893335099078
8170355786359825722,49,1.6320554477081126e+18,187775.51,21000.0,100321618699.122,2106753992681561.8,0.001290859324442724
2716359960000000000,50,3.4654965757604845e+17,104560.0,21000.0,100502678591.58,2110556250423180.0,0.006090198631807996
3027685360000000000,102,3.104975980517476e+17,100745.09800000001,21000.0,62927190978.440994,1321471010547261.0,0.004255978206720377
5643230859921198066,10000,3.3408297263969664e+17,195886.1,27212.161,125475059269.31099,3414447514321033.0,0.010220357797173524
2537467713694121000,9298,6.217831791783179e+16,21000.0,21000.0,99561440916.206,2090790259240325.8,0.03362571277665134
5223246977557194436,10000,1.2757929789593795e+17,54798.9,21000.0,140194166626.662,2944077499159901.5,0.023076451647831488
92910199120537475,172,5.760231851965816e+17,146478.18,94143.959,130722000747.279,1.2306686678749804e+16,0.021364915501708243
9691711176543977460,81,4.03871840631003e+17,162041.407,104758.531,107870536308.16,1.1300358921825006e+16,0.02798006145753936
6945507145518206053,246,1.797927501941398e+17,162196.984,110902.12599999999,150216850693.972,1.6659368102986066e+16,0.0926587311501566
46669091163819983,787,2.7191087731761024e+17,152139.574,73344.55099999999,92604741839.244,6792053210670265.0,0.024978968394621038
2524696028950642441,15,1.0268273333333334e+18,119924.133,79326.8,82995871898.133,6583796930888817.0,0.006411785815553037
4251353255107358058,32,5.2123714645473165e+17,238579.75,79390.375,133461016628.53099,1.0595520158020312e+16,0.020327638254654806
248336941037750221,29,6.351220422315277e+17,136770.966,80053.724,125932924622.89699,1.00813995902742e+16,0.015873169123296026
9544252756939492426,2479,2.974776287408083e+18,61150.383,21009.944,14476124282.376999,304142560509780.94,0.00010224048167829783
8938472826348151915,1712,3.2059828439262013e+18,128929.498,21021.298,18858752069.695,396435447165175.3,0.00012365488727309636
8658670456861761117,742,2.5982757994383084e+18,49562.264,21028.112999999998,46320155055.28,974025454679949.0,0.00037487377394290186
7689404462488370729,369,1.3173074948609062e+18,177504.065,21000.0,37032426086.485,777680947816185.0,0.0005903564284345774
7638145061329054435,1230,4.345351780752973e+18,74048.878,21008.47,24881106952.473,522713988977820.44,0.00012029267487458595
7268133990193188258,328,2.7113584301150986e+18,96932.927,21000.0,47443399188.811,996311382965030.9,0.00036745838244733176
3896846838554495165,489,2.2669215295600044e+18,96425.35800000001,21000.0,62268619200.007996,1307641003200168.0,0.0005768355834769337
9936435755482574153,10000,1.9991682002391197e+17,121373.599,21005.382,159085070000.0,3341642665846740.0,0.016715165164427122
3210416650000000000,573,1.6162190956792438e+18,89265.969,21000.0,50833745331.056,1067508651952176.0,0.00066049748750403
3634636160000000000,153,4.211765259340876e+17,96555.556,21000.0,32955788298.34,692071554265140.0,0.0016431864352607494
2947229300000000000,597,7.916342311400335e+17,34201.005,21000.0,27292894358.4,573150781526400.0,0.000724009598095581
4711984338798461498,8,7.772527298498077e+17,49625.0,21000.0,68187500000.0,1431937500000000.0,0.0018423061701908724
7846181381720519827,601,4.828279333845705e+17,174989.775,122377.15,261763512291.13602,3.2033872608179196e+16,0.06634635321039793
7364689475741491639,107,6.773727495131617e+17,161566.505,110612.55099999999,114048487618.907,1.2615194153219218e+16,0.01862371074461728
431050975650094036,212,6.227911879609695e+17,240081.099,165221.236,168258152388.745,2.77998199047448e+16,0.04463746508000852
2828956552668271208,1056,3.991596858235854e+17,159018.233,109195.95599999999,111279217814.14801,1.2151240572148122e+16,0.03044205365348079
879258621379249393,287,1.2726119682926829e+17,246187.042,148070.864,95389432744.774,1.4124395722988578e+16,0.1109874500232593
91649046838625233,272,1.6501201934369126e+17,177377.055,120204.246,118354492613.798,1.4226712545354158e+16,0.08621621989682095
73006871922024207,268,1.8704280094443e+17,235226.078,144144.765,105905731656.985,1.5265756801849166e+16,0.0816163825860616
5051998375201223093,75,2.8013017483907014e+17,185360.0,21000.0,69755875386.16,1464873383109360.0,0.005229259518189727
7423338701602818968,95,7.684630756428722e+16,153807.853,119346.853,122769195053.8,1.4652117075014196e+16,0.19066780876565467
2541386867980537022,323,1.361232520744274e+19,513853.04,259346.92,97025229933.861,2.5163194545638652e+16,0.0018485596077208253
597976761941497752,204,8.300888521568627e+17,25294.612999999998,22112.98,124183108511.809,2746058594859462.5,0.003308150191059953
6974692567175528415,82,5.619534276824428e+17,173330.634,89223.683,149570362026.732,1.3345218567668374e+16,0.023747908474738753
636690394102674243,27,3.133315387435757e+17,142657.85199999998,110640.963,119760460227.481,1.3250412648891698e+16,0.04228879321253253
2697821235205946757,1394,1.2565799980902902e+17,229122.141,123392.54699999999,107271290246.872,1.3236477723537794e+16,0.10533732626378078
3865618561157247147,505,1.4735561962116893e+17,59994.081,34168.436,97380952467.657,3327354842010180.5,0.022580440776974457
874153330330650758,100,1.6080861117155504e+17,139960.92,84044.72,115697582442.19,9723770921030776.0,0.06046797401077726
3114684515335709660,32,5.5905761772275226e+17,154715.438,78752.844,103546761324.34401,8154601941281297.0,0.014586335438014415
735765921867738071,12,4.846875916666667e+17,261819.333,165518.25,268973735277.667,4.45200619591227e+16,0.0918531085271529
7829613046472112193,308,1.1891250399362832e+19,307138.526,218767.66199999998,108095947467.05199,2.3647897699041784e+16,0.001988680492365118
2981480344454433171,40,2.4731153674257363e+17,96050.0,21000.0,132191039592.0,2776011831432000.0,0.011224756709678079
5658300412476483829,10000,1.6678522147104954e+17,163033.30599999998,37633.428,106483540331.44199,4007340648248418.0,0.02402695282533776
4005522010200419576,88,2.6701337325354317e+17,46125.807,27193.659,124478174418.216,3385017028071489.5,0.012677331426607007
960760999297378775,12,2.655528585892583e+17,26750.0,21000.0,150785870705.5,3166503284815500.0,0.011924192048383343
5815094147639446192,18,3.230607859799692e+17,116222.222,21000.0,126439243426.389,2655224111954169.0,0.008218961344688865
47849032650282000,4,5.001002149138095e+17,28250.0,21000.0,139977188807.75,2939520964962750.0,0.005877863830691147
3092759432715726660,57,6.846018303010046e+16,21000.0,21000.0,105442543751.316,2214293418777636.0,0.032344252100583185
2687237101415924089,10000,6.08274447244e+17,21005.8,21000.0,23192101447.669,487034130401049.0,0.0008006815551889898
898617362161781302,94,4.318196826234055e+16,23202.127999999997,21000.0,172535527021.383,3623246067449043.0,0.08390645941465605
5082003212018403,470,4.358859703070664e+18,94502.55300000001,21000.0,50849312770.520996,1067835568180940.9,0.00024498048593504584
9151844787944543462,38,2.0934721245068813e+18,148992.36800000002,107965.263,94536703804.86801,1.0206680089445676e+16,0.0048754793388280085
8669295507846719604,2523,2.0789736326202416e+17,193968.97199999998,111327.431,131372307192.056,1.4625341464234418e+16,0.07034885500592578
619223984967000,18,5.354945290001644e+17,178409.944,117617.61099999999,149740914690.389,1.7612168654838358e+16,0.03288953985715314
25878538732370819384,1692,1.8620205582746703e+18,209551.651,142758.35,109582725888.736,1.5643849136378234e+16,0.008401544798664128
4944602960000000000,6,8.241004933333334e+17,21000.0,21000.0,118938156543.33301,2497701287409993.0,0.003030821250096885
61409588152101665,15,1.8736893217661855e+18,124179.933,78777.333,137151829397.13301,1.0804455335977136e+16,0.005766407061439936
607057874579696146,2120,3.072330696530462e+18,105114.683,21094.766,111993883071.339,2362484756821257.5,0.0007689552298159755
2503712523248819673,403,9.326179607226912e+17,45665.149000000005,37292.613,73598970711.782,2744697931952820.5,0.002943003510061009
2656599638470941249,18,1.475888688039412e+17,228388.889,21000.0,101324201262.056,2127808226503176.0,0.014417132157370092
5271254255731232345,175,3.33515883236657e+17,164657.143,21000.0,49871929818.370995,1047310526185790.9,0.003140211842452606
4717614238320418839,100,5.870801762871884e+17,100230.0,21000.0,52178830520.59,1095755440932389.9,0.0018664493968475735
7542093500000000000,5,2.51e+18,21000.0,21000.0,170257218225.8,3575401582741799.5,0.0014244627819688443
9071630325272443859,5852,7.40510511513463e+16,94134.006,34442.468,65149311872.598,2243903089393976.8,0.030302109889133975
7707721154402485943,25,6.608647918674608e+18,31927.92,28275.52,112411982664.16,3178507264060109.5,0.0004809618099155103
87845773232307821,87,2.4351048110196445e+17,153002.207,115601.48300000001,128701537839.08,1.4878088638578264e+16,0.06109835014595698
3791864699578317278,156,6.585281453677792e+16,59679.545,40392.199,53321699901.449005,2153780713437608.8,0.03270597815124137
3048788690000000000,837,5.4237778997892966e+17,83935.484,21000.0,15643058067.605,328504219419705.0,0.0006056741730380714
5426849307637152000,224,1.185512139597159e+19,158803.161,69973.125,238760377432.746,1.6706809735148716e+16,0.0014092483051945587
3219188598206260462,102,1.935635666503694e+17,152854.049,22338.597999999998,49378436393.627,1103045040465803.2,0.005698619112853065
3385625861230422584,227,2.6123941491186816e+17,101112.37400000001,25959.572999999997,35269846185.291,915590146745833.1,0.003504793283412907
2413459617487476155,26,1.872030245187491e+17,90400.0,21000.0,117415795493.80801,2465731705369968.5,0.013171430919498933
4059817282048283399,1142,3.911654229722457e+17,299757.853,138077.165,198190063422.81,2.7365522088591804e+16,0.06995894954277046
917332626673692892,1112,9.87688417503526e+17,204209.23899999997,145425.549,83159694636.38701,1.2093544247168936e+16,0.012244290844005733
6158000000000000000,4,1.5395e+18,90000.0,21000.0,163500000000.0,3433500000000000.0,0.002230269568041572
24175725250829677534,81,5.77004280597458e+17,179193.012,103816.92599999999,111958653973.407,1.16232032946168e+16,0.02014405037442976
8523721040416769434,4,4.9800025e+17,214214.5,125730.5,121854890202.25,1.5320876272573994e+16,0.030764796348142383
3372984550000000000,7,4.818549357142857e+17,21000.0,21000.0,54796683502.714005,1150730353556994.0,0.0023881261107166823
5645837884201464000,9039,6.021506803849983e+16,21000.0,21000.0,106386623311.136,2234119089533856.0,0.03710232608398653
7781801218553030117,6721,1.0981152314981686e+18,22687.938,22676.762000000002,73914785037.09799,1676147988567432.5,0.001526386248445574
7527753958373774878,933,1.1230328673753048e+18,169998.69,111216.9,121061974498.821,1.3464137511637924e+16,0.011989085896573642
5200000000000000000,3362,1.0810466312483558e+17,245590.923,211403.237,117959806335.236,2.4937084895161996e+16,0.2306753860040755
3773164843984542805,55,4.860825360470719e+17,185034.218,114455.81800000001,113447157578.509,1.2984687220423148e+16,0.02671292683340864
6780932896052081711,10000,1.9408519550519107e+17,132480.4,34766.102,100120908055.355,3480813701785093.5,0.017934462712237084
4501213540386859267,154,8.993663716249324e+17,46271.649000000005,21061.032000000003,114023121135.149,2401444602967250.0,0.0026701516520218943
4222014597064550971,10000,7.17102775620372e+19,21000.84,21000.0,40093304776.09,841959400297889.9,1.174112594348144e-05
4532773869034369900,28,4.776694377809154e+17,76484.0,34413.179,118475000000.0,4077101382024999.5,0.008535403481047022
3015535916200000000,18,3.349378610555556e+18,73352.444,31379.444,87976666666.66699,2760658884973343.5,0.0008242301650440879
7496496500000000000,6,2.7470051666666665e+18,21000.0,21000.0,137456057254.667,2886577202348007.0,0.0010508087998431772
418468337431372641,206,4.315122381998679e+16,168855.112,102176.442,102795663741.18901,1.0503295174103102e+16,0.24340665789502322
258220624099357238,111,1.2484973255104298e+17,158218.387,113601.97300000001,144081335429.82,1.6367923977302358e+16,0.13110099351322657
4027543208581536689,5,1.2079763262836923e+18,21000.0,21000.0,95900000000.0,2013900000000000.0,0.001667168433834884
716495621337101026,10,1.3465728110695977e+18,114979.7,51299.7,100470250000.0,5154093683925000.0,0.0038275640511641154
3013743000000000000,2,1.5068715e+18,55500.0,21000.0,93579919184.5,1965178302874500.0,0.0013041445822517049
2437637641675108523,10000,5.538453888954017e+18,21272.22,21000.0,49228247797.727005,1033793203752267.1,0.00018665736403693478
3105135729674234349,7477,1.2785732158812232e+18,121305.168,71375.382,75980914856.612,5423166822600157.0,0.004241577060459835
2423908197792982113,78,6.809332269418071e+16,52422.102999999996,24371.987,55476066487.628,1352061971247605.2,0.019856014037087855
3079530267734942825,5,8.03634444e+17,235699.4,162733.0,145047630196.6,2.3604036004783308e+16,0.02937160817460346
621871744703417698,251,6.192531545602062e+16,176506.199,130166.709,69795170499.303,9085007647988158.0,0.14670910565551068
281921461953627780,107,1.2851125911932272e+17,51231.449,36675.121,114909134560.187,4214306414000140.0,0.03279328552906914
8719710780000000000,51,1.0037433729411764e+18,87997.588,21533.745,63021236301.745,1357083232106520.0,0.0013520221091273404
7860000000000000000,2,3.93e+18,21000.0,21000.0,148500000000.0,3118500000000000.0,0.0007935114503816794
3330233496768918909,10000,2.5069738034593856e+16,98305.6,21003.334,152924700000.0,3211928550949800.0,0.12811974925775627
3329015636503027875,76,6.659559978597797e+17,120943.84199999999,56129.579000000005,60021318531.395,3368971340192100.0,0.005058849760373288
4125454625601155929,10000,5.888961150786185e+16,21205.012000000002,21000.272,180409173068.975,3788641705743550.0,0.06433463574874765
6248442094407411436,3855,1.39517132830887e+18,115059.27699999999,72510.719,90448695167.23401,6558499919187963.0,0.0047008562934974605
5702845162572177498,757,2.1705425104341165e+17,218769.21399999998,128729.71699999999,123573670345.664,1.5907603612248618e+16,0.07328860658465998
5358274902550773917,446,9.950787363946696e+17,167436.339,112584.561,98269311551.42801,1.1063607300789752e+16,0.01111832350159042
976107276498328056,1001,3.498819834026917e+17,401079.091,221579.47,191885532165.64398,4.251789451793134e+16,0.12152067421258435
2539049549198606025,8,3.38125e+17,21000.0,21000.0,121413625435.5,2549686134145500.0,0.007540661394885028
5338999731350991030,238,4.219080368212272e+17,89393.849,44471.458,86363958564.193,3840731156001249.0,0.009103242462358357
74992486426127703549,101,1.447911498695856e+18,41677.604,33738.089,85806735861.495,2894955291294610.0,0.001999400718829926
6042283596795631379,362,1.3127988820405526e+17,216487.997,116953.903,127309971160.32599,1.4889398018017564e+16,0.11341720519196502
308681006280588230,416,2.177643750692421e+17,199717.60100000002,137202.142,118573537282.709,1.6268543299704534e+16,0.07470709244582203
2663827097062049328,4048,4.2063845231073656e+16,21000.0,21000.0,89264870910.07599,1874562289111595.8,0.044564691573342134
8091610031104521324,368,8.065619727255974e+16,182810.17899999997,114636.163,96750215644.34,1.109107349088971e+16,0.13751049350132247
377250975550760376,298,2.7586727899444355e+17,203969.00699999998,127414.258,74076695482.211,9438427189957866.0,0.0342136523924172
3207702644078248274,799,2.8663184365176883e+17,67823.605,21018.222999999998,17875471899.855,375710654621386.0,0.001310777790195006
3711176760000000000,31,1.2041473419354838e+17,195119.742,21000.0,113516129032.25801,2383838709677418.0,0.019796902145262054
3020947474364821528,7,4.315639249092602e+17,21000.0,21000.0,156788710002.143,3292562910045003.0,0.00762937474613359
7646025243346919699,470,3.9682978723404256e+17,445559.019,133039.174,157275413494.5,2.0923791101816732e+16,0.052727370209929035
9706456174025523673,937,2.255888471184632e+17,449005.86100000003,135123.742,133767032749.497,1.8075102021348584e+16,0.08012409413066784
823158045655208587,587,7.093795483176078e+17,237657.796,153070.988,74876422612.792,1.1461407987245614e+16,0.016156947313223133
7278260218869681642,204,3.0078125497238554e+18,292756.186,189428.5,102353469637.0,1.9388664223132456e+16,0.006446101245542217
3736243235800000000,42,1.2223781314285714e+17,99914.64300000001,26708.595,51468897396.929,1374661935671131.0,0.011245799481577671
8856543701122843455,10000,2.2766090132356367e+18,71759.31599999999,62503.79,3997240917.7590003,249842706903015.84,0.00010974335314078644
3646605228134049567,256,3.7086331847128545e+18,105507.117,68739.75,54833599082.065994,3769247892501446.0,0.0010163442176051403
3164454992793637153,48,7.860552068320077e+16,34458.333,21000.0,56487761780.812004,1186242997397052.0,0.015091090130652499
405947974254104862,2547,1.8397724819619942e+17,197939.473,123282.49,118555731854.85901,1.4615845826839338e+16,0.07944376802099201
3035313501121500599,10000,3236046097831221.0,111287.391,27599.75,49812560558.418,1374814218272197.2,0.4248438300040255
3488570504684808797,5399,1.0765068256297152e+18,462575.30100000004,276590.266,76048717159.12,2.1034334907999764e+16,0.019539434778498024
2986618630896952000,10,1.100619e+18,21000.0,21000.0,118584430637.6,2490273043389600.0,0.002262611351784405
3606137220551182420,39,4.0223493841909216e+17,26619.59,21625.872000000003,117665733514.282,2544624091765973.0,0.006326213485499627
56122734696000,3,1.3304013863524823e+18,21000.0,21000.0,184131026426.0,3866751554946000.0,0.002906454844839981
8340849701155996990,581,1.1761084568641384e+17,203795.299,143328.353,49600243141.645,7109121157891523.0,0.060446135867831395
7528768650829340974,1090,2.232555067485797e+19,23110.009,21042.611,68256041957.399,1436285339309225.8,6.433370268114844e-05
2728100395024838708,7,1.4578574285714286e+18,52432.0,46358.857,145896745008.714,6763606338624436.0,0.004639415491576685
7449463634024245360,515,9.81251161437364e+16,48697.087,21024.359,16437149079.346,345580523180689.8,0.003521835558130437
25423913055554433280,238,1.1890116621024369e+19,52702.139,26412.513,104127759477.29,2750275800854795.0,0.00023130772291936113
4650751214582319638,1276,1.3035985698142157e+18,150210.169,105052.558,76334692256.095,8019154685645571.0,0.006151552227299875
556132680194459669,319,8.723148309769347e+16,161984.62099999998,125711.668,73747281220.784,9270893732729832.0,0.10627921713020798
2706289587933082008,8,8.061139181473532e+17,21000.0,21000.0,123899148127.125,2601882110669625.0,0.0032276853830403847
30831707157332424,114,2.0550189495548912e+17,57871.439000000006,46564.342000000004,143634680076.781,6688254366155818.0,0.032545949844425846
2922128155352257649,11,3.023636363636364e+18,175315.182,135034.636,97936015967.81801,1.3224754267504492e+16,0.004373791249024336
4602229425772860000,7221,5.970087245533859e+16,21000.0,21000.0,94898722417.06,1992873170758260.0,0.03338097231743307
7696880301823716620,336,2.6704587589828486e+17,97883.929,21000.237999999998,60566729721.107,1271915739024920.5,0.004762910997020529
651363924386593102,61,4.393166318544982e+17,26393.443,21000.0,118506435692.377,2488635149539917.0,0.005664787010304117
317522274698555571,55,2.1170261011962592e+17,202868.8,144865.745,91944205299.218,1.3319565799104164e+16,0.062916398581849
766803373041792510,54,4.83948274090848e+17,162598.796,130826.204,113144769032.815,1.4802300635019938e+16,0.0305865346101869
2680004910888617969,22,8.290051636363637e+16,153735.864,49879.545,113634596568.909,5668041973115742.0,0.06837161240652997
5006067756840467132,17,3.957301976111105e+18,21000.0,21000.0,185644072033.882,3898525512711522.0,0.0009851473393351338
2603365497516000000,292,1.0989732204062114e+17,1826100.024,1627718.25,62962735302.753,1.0248559332221034e+17,0.9325576949393615
37960513640736676,10,2.0006749566538803e+17,106290.8,76081.3,136192813686.5,1.0361726315926712e+16,0.051791153187905406
751181730990749361,517,1.443660001860626e+17,155294.826,113078.33300000001,114612349597.894,1.2960173433743076e+16,0.08977303116412225
8249853242511546767,3426,4.732849053998148e+18,210692.701,130634.91900000001,100959186955.71199,1.3188795210265294e+16,0.0027866502945247864
8902773810777208293,10000,3.944452340389296e+17,41001.24,32894.645,102882800057.44801,3384293184495731.5,0.008579881039104455
994254013506281984,115,2.1924524854126288e+17,180058.2,126735.62599999999,94536675673.861,1.1981164771485744e+16,0.054647317792297964
744139411561643169,18,1.1183258176452529e+18,167775.944,124122.222,161669777149.722,2.006681197006832e+16,0.017943618624776995
91214316095373116,145,3.8789178818095226e+17,157772.476,111185.724,105641613925.31699,1.1745839328814852e+16,0.030281227101759102
6029652153608106276,72,1.8510248232845187e+17,57500.889,21485.403,136297880716.65302,2928414895243218.5,0.015820505799846292
5182841951346140992,72,7.413736401803598e+16,75152.77799999999,21000.0,17767103189.486,373109166979206.0,0.0050326737660707326
6039095190000000000,4,3.2116112975e+18,55500.0,21000.0,112750000000.0,2367750000000000.0,0.0007372467526948597
521019474041292643,809,8.485089965857955e+16,279355.775,134049.75400000002,118296849623.91,1.585766359106013e+16,0.18688857342547588
9583000132313012282,81,1.1830864360880262e+17,250000.0,21000.0,76519079631.568,1606900672262927.8,0.013582276182425678
30058628000000000000,2152,1.3499347713754647e+18,82399.783,27896.366,118595221855.415,3308375714729856.0,0.00245076709251582
62370596820367921,78,3.771683653459041e+17,152932.423,101744.692,104438263440.43599,1.062603894676202e+16,0.02817319776279963
332738552800235569,670,3.815180240443934e+17,199836.116,131486.527,82490682413.894,1.0846413340462898e+16,0.0284296223425628
2491022554802095725,364,1.53096930098476e+17,118775.70300000001,81265.857,128516112897.621,1.0443972052933924e+16,0.06821803707112928
9867923920853087740,10000,1.0063779392791354e+16,413378.448,117642.04800000001,51909571429.322,6106748293747728.0,0.6068046660603439
495735194474201781,3444,3.8370703645659735e+18,333404.843,205559.74300000002,86413779965.207,1.7763194401306502e+16,0.0046293637368090765
2717293523080556866,240,7.99624293129233e+16,177044.013,119633.22099999999,71323387575.36299,8532646588272054.0,0.10670819610645611
5011158911349018270,77,6.507998586167556e+16,72792.208,21000.0,7391290241.273001,155217095066733.0,0.0023850204177462424
3701096439747749065,224,1.8845496516453632e+18,163111.045,92459.379,89711351920.92,8294655887858720.0,0.004401399496488097
4005016829602373839,228,3.0260362233074835e+17,190109.46899999998,129508.30300000001,74674313207.193,9670943581154054.0,0.0319591137299197
867184837885118000,11,3.595038054545455e+17,33545.455,21000.0,158967227129.455,3338311769718554.5,0.009285887156320075
2748581091299069532,129,4.957209302325581e+17,122932.31800000001,89700.295,92163017600.806,8267049866882490.0,0.016676822306058693
3809611646292540146,61,3.9780152887249984e+17,113229.082,68961.836,73617264610.68901,5076781728850939.0,0.01276209707700271
6246955401476060451,239,1.0153374619258362e+17,54508.418,21000.0,35282106453.615,740924235525915.0,0.007297319987785842
302926761189458872,146,1.8363171732422662e+17,98623.288,21000.0,26078633205.218998,547651297309598.94,0.0029823349979494367
8484841960000000000,663,4.160871797887157e+17,54274.208,21000.0,27594408237.335,579482572984035.0,0.0013926950916350982
3247545710000000000,802,1.9691174865168837e+18,40887.259,21176.071,33690905808.069,713441013445981.5,0.0003623151073164086
396834287765513563,93,7.964568362043781e+17,180057.043,104468.269,138950830969.677,1.4515952787513748e+16,0.018225661614873528
789634246163404190,72,1.192779127675524e+19,138199.236,98745.028,124654754727.639,1.2309037245913846e+16,0.0010319628303608543
2829553383390999106,84,3.501693411374134e+17,174412.298,116463.76199999999,111278284367.512,1.2959887626346236e+16,0.037010343579052855
2862943046477671243,387,1.9899838717447956e+18,143627.434,103603.261,112373331239.393,1.1642243565834286e+16,0.005850421066793118
3077635853314170000,5,1.4190223953751155e+18,62400.0,21000.0,143819712478.6,3020213962050600.0,0.0021283765301337706
2731859305372617000,9444,6.212304108428632e+16,21000.0,21000.0,104433749760.892,2193108744978732.0,0.035302662372938255
418004386176301445,726,1.3371788111505902e+17,153164.857,109041.34800000001,96854684394.669,1.0561165346509274e+16,0.07898095047902982
5332060494506656550,220,1.1622156139721876e+18,217860.95,112508.53199999999,115429976182.291,1.2986857169064524e+16,0.011174223623341637
3745296050000000000,53,3.72467864287439e+17,109603.774,21000.0,125041045883.34,2625861963550140.0,0.007049902059533714
4718542080000000000,161,1.859168262689226e+18,79554.037,21000.0,67023899971.727005,1407501899406267.0,0.0007570599862598567
3471163147770536128,92,7.614908068152175e+18,144829.902,94346.011,89415610030.717,8436006127529736.0,0.0011078277048165086
3472963785383273841,24,1.4575230676596973e+17,126291.66699999999,22304.75,149287558318.042,3329821666394347.0,0.022845756202959762
5600256147492608000,40,5.70807481e+17,179225.0,21000.0,89991312508.8,1889817562684800.0,0.0033107792479769547
5609910781663271015,10000,6179167991198029.0,59402.814000000006,21061.006,42197198185.0,888715444157474.1,0.1438244510302055
3352444738089265472,21,3.7619262400902426e+17,28523.81,21000.0,41072853398.429,862529921367009.0,0.0022927879663752213
6176822618206311811,2571,2.672929904690313e+17,90085.57,31984.787999999997,80587524732.198,2577574894004109.5,0.009643256598241204
2442756379187778568,451,3.0030022778115994e+17,71824.834,21027.645,8619952000.663,181257290586981.34,0.000603586923414092
2905808118000000000,83,7.148322519638084e+16,46942.904,21000.613999999998,19933197824.361,418609393295045.1,0.005856050732812194
3268075416747321693,285,1.4394406028027706e+17,170730.225,110336.604,126295480175.575,1.393501438312227e+16,0.09680854045654302
499994179588253403,286,1.5339387166395216e+17,126939.871,80128.811,89343044414.881,7158951920084605.0,0.046670390690497006
3442306064743899103,385,1.2797863249023898e+17,180547.548,122056.34,92569943504.483,1.1298748498163968e+16,0.08828621058304972
494405177123899510,74,5.603645528676925e+17,168691.24300000002,113008.459,104977085433.959,1.1863298655203054e+16,0.02117068004121969
4536000000000000,32,1.17421132e+18,95750.0,21000.0,168156250000.0,3531281250000000.0,0.0030073643388142434
3010682828713440000,5,7.96414912977312e+17,40800.0,35331.4,120203228120.2,4246948334006034.5,0.005332582633503525
3604054539978722000,9777,5.990937915516007e+16,21000.0,21000.0,101274759668.02301,2126769953028483.2,0.03549978288909211
4901210145779723000,10000,5.46779e+16,21000.0,21000.0,87482973979.70401,1837142453573784.2,0.033599360135882765
2969501143059083000,9651,6.08562843228681e+16,21000.0,21000.0,97859564814.643,2055050861107503.0,0.033768917770342285
880775819264647024,96,1.8854394004720346e+17,204513.0,143835.438,152233404818.06198,2.1896558460237256e+16,0.1161350423394954
2945919873943643486,56,8.784833560714286e+17,250373.55399999997,170604.357,112268524625.679,1.915349945510263e+16,0.02180291672315449
3070669124566317781,5372,3.491169495448654e+17,31491.267000000003,31063.952999999998,93891894303.644,2916653391729364.5,0.008354373500145807
389097970000000000,25,3.974271564561928e+17,112520.0,21000.0,148185483038.44,3111895143807240.0,0.007830101927496882
2865377531795186000,45,1.5279413763777777e+18,99644.444,21000.0,106673299189.68901,2240139282983469.2,0.0014661159895375485
2403896360000000000,27,3.8041861925925926e+17,117296.296,21000.0,150296296296.296,3156222222222216.0,0.00829670805379591
6924487084419285847,490,1.0676630139922826e+18,71001.931,22066.91,64072954616.908,1413892122965393.2,0.0013242868811934073
4001531330000000000,78,5.509029858337767e+17,105512.821,21000.0,72312675481.603,1518566185113663.0,0.0027565038203874576
2490745860000000000,20,3.99263398e+17,112850.0,21000.0,152600000000.0,3204600000000000.0,0.008026280435553474
7340965663756549985,71,1.1188327475315306e+17,88740.845,21000.0,37278769082.352005,782854150729392.1,0.006997061468361517
97038047602189413,227,2.1697963972333987e+17,174982.10600000003,133678.78,116700436143.784,1.560037192916895e+16,0.07189786078113237
923973787260244868,1625,3.7153932737972544e+17,222503.323,133347.482,187660389285.58603,2.502404038237267e+16,0.06735233268266451
800580498811820301,167,3.27271879901394e+17,197190.952,119590.192,102629591340.76599,1.2273492533323742e+16,0.03750243539720464
4449968464893507420,469,1.2165532951800105e+18,145744.768,97763.17300000001,146903421148.99402,1.4361744576080962e+16,0.011805273663704053
3426179300000000000,20,3.329088086080277e+17,119800.0,21000.0,141060971046.3,2962280391972299.5,0.00889817366010323
2453028400650573075,523,5.142639743412161e+17,39684.895,21000.0,31901140741.639,669923955574419.0,0.0013026849808653364
2913690530000000000,79,4.171366855860556e+17,101278.481,21000.0,83470771435.57,1752886200146970.2,0.004202186623035217
4803536480000000000,74,1.216485560960042e+18,107717.946,21000.0,109712918690.93199,2303971292509572.0,0.0018939569580187156
2703574149656466359,8,3.5251879875e+17,165757.0,24863.375,160695852549.5,3995441242882924.5,0.011333980647416253
3392629549848367471,331,2.8010697453126397e+17,87072.508,21000.0,33793147242.671,709656092096091.0,0.002533518107800215
2944524915680533740,218,2.4404568437834045e+17,57121.100999999995,21000.0,30268234149.995,635632917149895.0,0.0026045652836232196
304785730000000000,24,4.708070745833333e+17,107666.66699999999,21000.0,151250000000.0,3176250000000000.0,0.006746393950878919
3482234166480302451,311,4.22215736136503e+17,98594.852,27026.347,34624190967.412,935765399679542.5,0.002216320519557822
3549940850000000000,333,4.553443502788429e+17,101243.243,21000.0,26754064251.52,561835349281920.0,0.0012338691562503506
5814862760000000000,303,6.738924253844483e+17,204811.88100000002,21000.0,28829311062.99,605415532322790.0,0.0008983860175864227
3596519215631041093,681,3.731756932698928e+17,161873.34900000002,88434.906,92323414369.74199,8164612471387182.0,0.021878735991205805
5014336472946777620,10000,8.15954070892e+17,228324.7,68854.41,65689563622.777,4523016146403773.0,0.0055432239482048505
8398719344681830254,212,1.3420845945722269e+17,159787.038,127366.778,59722237406.98599,7606628953478881.0,0.0566777160265624
2597547515592408351,1622,2.0095842193917584e+17,185352.59100000001,130279.93699999999,117234164328.491,1.5273259542963454e+16,0.07600208737500047
3315079590711544188,457,1.88160340484472e+18,120317.03300000001,92223.67599999999,122799662609.862,1.1325036297441226e+16,0.006018822174897067
2500484536888835977,13,3.789972538461538e+18,139509.0,111017.538,73058805655.692,8110808733115402.0,0.002140070581199467
2752519670000000000,11,2.502290609090909e+17,125000.0,21000.0,152727272727.273,3207272727272733.0,0.012817347096378811
2457995080000009154,339,6.01213015254662e+17,50354.572,21000.0,15228707286.908998,319802853025088.94,0.0005319293576663951
2676392050000000000,152,6.968820880743575e+17,159505.447,21227.888,133216542162.99301,2827905836783293.5,0.004057940195589523
2939791733234767640,2830,1.185465332110073e+18,226107.78399999999,157819.636,108588387772.134,1.713737983202504e+16,0.014456247152771058
278046357563114678,72,2.5484228405386266e+17,169213.917,122542.903,134365949791.361,1.6465593551785622e+16,0.06461091656322428
4075899611678011,25,4.487336901711664e+17,150640.0,21000.0,103093384018.76,2164961064393960.0,0.004824601120473371
5596203217000000000,135,4.349038721390137e+17,73952.593,21000.0,52789499967.711,1108579499321931.0,0.002549021911139899
3838436060000000000,101,5.126383234929185e+17,43455.445999999996,21000.0,85323835219.495,1791800539609395.0,0.0034952528078680536
2457088099999958810,286,3.070080577787844e+17,111465.035,21000.0,35734323614.297005,750420795900237.1,0.002444303258128017
2965981178944321306,8018,2.8253725814511037e+17,467008.304,23916.764,67871496144.205,1623266555607861.0,0.005745318568831569
6679938875686219203,105,1.3301316885621571e+17,37791.695,21401.99,137861889766.486,2950518786163436.0,0.02218215543269164
2699320433214422974,1319,1.1633356125557374e+17,192915.139,130062.12400000001,96579870280.115,1.2561383064276234e+16,0.10797729329956704
2652716553620706753,324,5.469975290491025e+17,183271.17899999997,143744.586,56115166261.457,8066251342574305.0,0.014746412760943604
6641208425824949000,1072,2.270130413597948e+19,21195.692000000003,21014.77,69429276136.455,1459040269274090.5,6.42712092897626e-05
2544796500000000000,307,8.326907416613421e+17,86286.645,21000.0,38019276761.394,798404811989274.0,0.0009588251340423667
3924312715309941473,601,2.5391056190283494e+17,178904.62600000002,109719.013,63747333375.822,6994294499377148.0,0.027546292076080257
7575887666970890824,69,1.0979547343436074e+17,88414.493,21000.0,35849716210.275,752844040415775.0,0.006856785775106197
4532031069963520988,905,1.3870642779678894e+17,162460.144,113805.506,60129297402.66,6843045116334207.0,0.04933473686136284
917447226642294299,230,5.929166661666808e+18,343059.27,222770.93899999998,98588418660.45699,2.1962634599515124e+16,0.003704168874440272
5710404304768510597,47,1.6798549258094413e+17,43191.489,21000.17,17974375587.809,377464942987838.9,0.002247009174354486
776547880437000,78,5.272578777107491e+17,21000.0,21000.0,95076383662.59,1996604056914390.0,0.0037867695132090874
7556989696911070164,141,1.6181062315623672e+18,207800.447,157453.603,127012890492.16301,1.9998637235435508e+16,0.012359285716442589
2955713840640603,255,7.06857992070834e+17,58526.682,21294.396,137058306339.89,2918573850290928.5,0.004128939451813482
3203651327241091674,179,2.0437767571802426e+17,66927.37400000001,21000.0,36002367754.507996,756049722844667.9,0.0036992774293400535
2578077666000000000,389,9.614837167549297e+17,90377.89199999999,21040.172000000002,27954635312.247,588170335166950.6,0.000611731977273691
2457024500000000000,382,7.864783329417274e+17,83018.325,21000.0,25512193946.937,535756072885677.0,0.000681208941741276
396113949268581000,541,3.36970683293412e+17,102634.484,21000.0,55161390170.262,1158389193575502.0,0.0034376557101463115
6264738874977188215,140,2.997308497857143e+17,36871.629,33494.921,146476296430.414,4906211977309299.0,0.016368725410870727
3782627394083507911,41,6.602429941674514e+17,184334.073,147984.268,152557923023.488,2.257617256623122e+16,0.034193732861488614
654969314891850803,24,7.821009008333334e+17,147350.292,64596.625,137488736751.708,8881308369673800.0,0.011355706610503467
3669751004325110906,92,6.207376510121355e+16,191429.565,126147.261,87737709212.87,1.1067871703618016e+16,0.1783019232935435
4596711349283172168,2534,8.401656493382994e+16,155194.875,117405.80900000001,77463933100.019,9094715733929608.0,0.10824907851317721
74730082200798596,424,1.648939808515186e+17,227123.113,152529.925,115801366077.75,1.766317368273675e+16,0.10711836533706974
2634691610906435347,368,1.2372865865452938e+17,149808.378,106262.34199999999,76813626726.495,8162395873471151.0,0.06597013143302469
2574435735267525170,9,2.2222222222222224e+16,162859.22199999998,114773.444,149850101459.667,1.7198812228275408e+16,0.7739465502723933
6386830439654836503,189,1.5023573083445988e+18,158699.529,107585.349,143018638180.138,1.5386710102114872e+16,0.010241711486776082
2567967170000000000,136,3.182093609977563e+17,180904.41199999998,21000.0,50365305090.309006,1057671406896489.1,0.0033238224154692507
3687064550000000000,189,3.770151099023414e+17,98312.16900000001,21000.0,39832151475.291,836475180981111.0,0.002218678135202019
2550048887566188654,190,1.0540150010504276e+18,160069.779,38324.032,63688784303.605,2440811007692456.0,0.002315727010773046
94212628400607515,52,2.7474442138259e+17,136963.404,87962.558,96861772806.78801,8520209308499914.0,0.031011400579578144
2885828833555180368,455,9.659350204610036e+17,96852.74699999999,21002.397999999997,21050519861.136,442111396230483.0,0.0004577030409555709
3454689316544859065,40,9.784190791438746e+16,89200.0,21000.0,96341575426.425,2023173083954925.0,0.020677980704599704
3168900770000000000,293,2.0274490988589146e+17,52179.522000000004,21000.0,38196006940.945,802116145759845.0,0.003956282533609799
918153522376175404,28,2.754579073270078e+17,118185.321,84376.25,127698674017.714,1.0774735243587142e+16,0.039115723154013494
2896696890000000000,172,1.845919032964762e+17,43391.86,21000.0,47102372191.592995,989149816023452.9,0.005358576396683892
331874956397551621,63,2.0383569965677235e+17,88571.429,21000.0,95757438822.286,2010906215268006.0,0.00986532888328227
7134119053800000000,9,1.5260982966666668e+18,237770.111,155645.333,158954793688.222,2.4740571795549612e+16,0.01621165022566924
3985338800000000000,192,3.433201881669033e+17,98338.54199999999,21000.0,37637477640.651,790387030453671.0,0.0023021862905114932
2577763070000000000,28,6.873125720770868e+17,101821.429,21000.0,122553176766.286,2573616712092006.0,0.003744463315016093
3420713715205339372,45,1.5095587429251814e+17,81951.11099999999,21000.0,93959965715.02199,1973159280015461.8,0.013071099679048778
3319349221457603000,245,2.960985883435202e+17,85951.837,21000.0,37574822088.155,789071263851255.0,0.0026648937040382316
6013766530834781946,231,1.429721186790496e+17,104436.104,77803.355,92889456610.688,7227111368438455.0,0.05054909611196437
611652473713249517,170,4.733319652352941e+17,144056.335,82243.353,98751528174.965,8121656790983092.0,0.017158479434081327
3977356660771753159,27,2.778865468283944e+17,83148.148,22406.741,55460196979.852005,1242682269536526.2,0.004471905112786659
4343222938506808740,10000,5.419817925727324e+17,22869.466,22790.697,25694280000.0,585590550113160.0,0.0010804616652035878
3404408589846285296,350,6.441578473811626e+17,57515.429000000004,21000.0,30089516314.337,631879842601077.0,0.0009809394470159727
2639607850000000000,192,4.587332347708591e+17,97927.08300000001,21000.0,39377880091.896,826935481929816.1,0.001802650035467513
281519750000000000,12,4.433186358333333e+17,116333.33300000001,21000.0,169083333333.333,3550749999999993.0,0.008009476058513602
4203147130000000000,411,5.725211740307112e+17,96340.633,21000.0,25058434786.589,526227130518369.0,0.0009191400325224324
357102601504517982,69,2.7179303881287245e+17,156157.261,117050.44900000001,134069232600.50699,1.5692863872974782e+16,0.05773828476813641
56473963833548408,130,1.3249538461538463e+18,157543.208,92792.954,136737522744.04599,1.2688278658062214e+16,0.009576392939946167
595725060000000000,399,6.489499091610468e+17,57543.376,20997.01,41533356163.757,872076294703967.4,0.001343826822984497
3239899015578466642,338,5.0189093530571424e+17,158017.047,110572.278,135686930403.657,1.5003212989559814e+16,0.02989337310987891
3901801567000000000,6,6.507701753333334e+17,67000.0,28569.667,58103128252.667,1659987025836988.0,0.002550803784126585
736905359355220000,735,2.6511740135225648e+17,27486.815,24798.25,58782867017.730995,1457712232022447.8,0.005498364968075457
4192038908155599787,184,5.702996257765848e+17,180615.31,109327.457,74207607922.397,8112929064208717.0,0.014225730997387961
5792391896734330209,36,2.784029063032885e+17,26170.222,21000.0,108657090389.444,2281798898178324.0,0.008196031171070326
8063574527520130931,940,5.253203358973467e+17,195571.163,144770.06900000002,61661738741.321,8926774172241015.0,0.016993010858778943
45128492458590156288,10000,7154008127000000.0,25268.077,21000.0,54625131713.477005,1147127765983017.0,0.16034756259971705
53638913744551813,109,3.014457511352711e+17,103192.661,21000.0,65151894534.376,1368189785221896.0,0.0045387595614440526
2444892970000000000,486,5.1788088929724704e+17,63084.774000000005,21000.0,20258323116.35,425424785443349.94,0.0008214722617408068
3339331440000000000,137,1.1774809761707958e+18,91978.102,21010.933999999997,52250292860.431,1097827454771186.9,0.0009323526044058524
3169377720000000000,323,5.342186171274233e+17,95637.771,21000.0,28737015060.991,603477316280811.0,0.0011296448624830832
3020943025476866792,85,3.197711979733824e+17,62249.412000000004,21000.0,85528776157.0,1796104299297000.0,0.005616842012914831
5375183413856393000,157,6.742394964285743e+17,69808.917,21000.0,60184557221.713,1263875701655973.0,0.0018745204164850669
9682143182895056762,57,1.9827499107638656e+17,22695.14,22606.193,140428613029.632,3174556328870175.5,0.01601087616565399
265104110114055529,116,1.5786411889223018e+17,129101.19,91609.48300000001,124356837209.60301,1.1392265564286896e+16,0.07216500902313404
2560400924601542809,110,3.148122830731108e+17,172266.055,112106.618,110802424549.06401,1.2421685082395742e+16,0.03945743463736127
2808957032002752405,10000,3.6815115263983913e+18,41958.448,21403.956000000002,95647518019.76,2047235267204150.2,0.000556085524253934
56787000000000000,15,8.563913305566291e+17,26600.0,21000.0,168105019445.933,3530205408364593.5,0.004122187231939941
2615150066518728770,1048,3.0713448365025555e+17,163292.475,112505.04699999999,113920819911.154,1.2816667198382916e+16,0.04172982156239313
94128895036081056,340,3.921317006617692e+17,47697.059,21000.0,52457030727.338,1101597645274098.0,0.002809254246507028
6937656064297339000,1429,4.8307662679986e+18,25291.74,21000.0,86078968508.728,1807658338683288.0,0.0003741970193544897
3824420478224043040,283,6.448208470203962e+17,43279.152,21000.0,56602128600.59,1188644700612390.0,0.0018433720096130706
564037356726142871,889,5.87170600229568e+17,139791.90099999998,21000.0,27271172227.582996,572694616779242.9,0.000975346205268681
426739834486277094,569,5.661335676625659e+17,189623.562,143071.675,156325923911.309,2.236581177991353e+16,0.039506245623725816
3450492607142417589,10000,1.6020952755812253e+17,60848.9,21364.907000000003,84920788622.85901,1814324751294041.0,0.011324699466676979
3785275428805965000,10000,1.628009484e+16,21000.0,21000.0,21106070663.341,443227483930161.0,0.027225116824329324
3641188600000000000,21,3.270507548246571e+17,122428.571,21000.0,133575097875.381,2805077055383001.0,0.00857688604598053
4197959180000000000,41,3.638632448634946e+17,108853.659,21000.0,114563798647.78,2405839771603380.0,0.006611934031715528
5330656110788372000,21,2.5431814809523808e+17,120047.619,21000.0,118990927917.524,2498809486268004.0,0.009825525645665837
3924013920000000000,14,2.8028670857142854e+17,125000.0,21000.0,154285714285.714,3239999999999994.0,0.01155959202101911
3029849660000000000,95,2.7483614746561005e+17,60263.157999999996,21000.0,46301406437.895,972329535195794.9,0.003537851713328435
8807726529292774025,42,2.04050041712642e+18,100680.95199999999,21000.0,123217834972.762,2587574534428002.0,0.0012681078193907019
2990614830000000000,87,1.229662969482759e+18,45442.667,21192.414,108704317077.851,2303706891101088.5,0.0018734457719501072
5819000000000000000,217,2.8511520737327188e+16,338573.816,215487.525,141732981350.175,3.0541689362020364e+16,1.0712052030965604
2956126374961585200,52,4.734960590114976e+17,183632.673,117799.385,128070842087.346,1.5086666434321474e+16,0.03186228511767853
5069232870020299942,10000,2.55138978996234e+17,182442.974,180286.62,113936163204.97699,2.0541165759993668e+16,0.08050971216082536
5315110056522133144,2777,1.1228747595927709e+17,172280.111,149521.93300000002,247697458965.762,3.703620286374892e+16,0.3298337819720938
8059510336632247739,59,1.1406079107631872e+18,213761.88100000002,127428.475,119281362575.729,1.519984212894722e+16,0.013326088645814247
3082210249125857515,4179,2.3009219816691235e+17,242781.5,181380.66600000003,74363003342.629,1.3488011072046276e+16,0.05862002788230946
4165019196973873583,136,2.7692201558678662e+17,140409.316,104280.632,67677920616.662,7057496334351343.0,0.02548550110541696
793084064146201559,113,2.537233472232933e+17,128468.06199999999,79823.425,133613008650.372,1.066544797502732e+16,0.04203573731683833
5036353248652607205,149,9.75870910751645e+17,165596.45,116170.201,70455809106.463,8184865505515437.0,0.008387242016683547
478951624865200000,135,5.161508677892084e+17,322592.593,21000.0,90644110783.622,1903526326456061.8,0.0036879262348415653
3163091470000000000,491,6.923727378331183e+17,81843.992,21000.0,25874261887.87,543359499645270.0,0.0007847788769757067
4017888704922913979,23,2.1268033565100835e+17,103826.087,21000.0,112613118131.261,2364875480756481.0,0.0111193894513927
4269963210000000000,196,2.5539404117315677e+17,53892.857,21000.0,29647600556.235,622599611680935.0,0.0024378000709061706
3533567900000000000,395,3.3243045591658144e+17,80581.266,21000.0,21678120685.901,455240534403921.0,0.0013694308878791689
2842758440000000000,320,7.46757647490999e+17,91963.125,21000.0,32827847070.653,689384788483713.0,0.0009231707111402866
4752338990000000000,2,2.376169495e+18,90000.0,21000.0,155051519858.0,3256081917018000.0,0.0013703070946199485
5240491000000000000,6,2.3695391666666665e+18,21000.0,21000.0,117656948767.33301,2470795924113993.0,0.0010427326793630378
990616057733562406,33,4.729748503042562e+16,137155.636,77347.788,63958597162.424,4947056014096573.0,0.1045944834257936
6013190331160114938,19,6.642563770084271e+17,86845.789,60278.420999999995,182284875914.947,1.0987844492333934e+16,0.016541571707326695
42983803343281943,139,1.694684892086331e+17,199053.59,132816.432,177752131860.835,2.3608403934149624e+16,0.13930851714317968
4186019150000000000,276,7.742798848828463e+17,97221.01400000001,21000.0,46455001161.46,975555024390660.0,0.0012599513992776242
2509272140000000000,136,3.79621071382153e+17,94783.82400000001,21000.0,72194395335.176,1516082302038696.0,0.003993672681336758
5184958846709992904,216,5.874910542727784e+17,63930.37,44607.764,133275254079.866,5945111081034700.0,0.010119492097447873
2530384046626180506,782,2.427251078954757e+17,254688.895,140806.258,163322603863.737,2.2996844696869148e+16,0.09474439993563517
7190000000000000000,3,2.3966666666666665e+18,27000.0,21000.0,68022831879.333,1428479469465993.0,0.0005960275950483977
5321614638443155921,398,1.749354782660668e+17,226383.01,131222.176,123313859056.513,1.6181512916352944e+16,0.09249989239885228
555297092141785529,169,2.9422808357864166e+17,115532.12400000001,80921.0,149795866330.852,1.2121631299358874e+16,0.04119807719210797
3103547640000000000,20,4.34148879e+17,119800.0,21000.0,173800000000.0,3649800000000000.0,0.00840679355986544
5799631680000000000,712,3.317447841241076e+17,132564.506,21000.0,19707361542.514,413854592392794.0,0.0012475089653194629
5878601020000000000,157,1.0292977253625448e+18,96624.204,21000.0,66912207113.287,1405156349379027.0,0.0013651602590339887
3066543806105336139,6623,3.504606694473507e+19,265000.593,152278.202,125137983799.106,1.905578717483299e+16,0.0005437353984651828
8447923721358605504,342,7.475347100584773e+17,94732.509,21792.392000000003,49797849032.848,1085214246880644.6,0.001451724224010617
3155319900000000000,438,2.5516649157640684e+18,99664.995,22443.674,61147624840.22401,1372377357788289.8,0.0005378360416016248
4253438578481500080,217,7.65012330412999e+17,56822.12,21000.0,36040231498.659,756844861471838.9,0.000989323742093476
52100083132383163535,1765,3.647923510653288e+18,267948.446,191959.592,102071159738.57199,1.9593538178383108e+16,0.005371148304278508
7867377674326443,199,5.988309435181155e+17,202141.04,99270.814,114344307436.925,1.1351052475529798e+16,0.01895535392483674
2890483303105189504,184,3.431973817674186e+17,328131.016,155200.658,178347702493.772,2.7679680779821656e+16,0.08065236581140323
4423587543119893766,101,3.652803993508901e+17,103495.05,21000.0,87363637612.96,1834636389872160.2,0.005022542663478091
4028894260000000000,760,2.3479562499035795e+19,51212.367999999995,21060.936,62373685234.822,1313648192814731.2,5.594858050990844e-05
2497274170821136535,353,3.795414335349404e+17,48850.003,21000.144,11892681270.994,249748019236977.0,0.0006580257046270161
4607507410000000000,139,4.623649699484276e+17,105182.734,21000.0,49498707490.928,1039472857309488.0,0.0022481652479542976
3527297620000000000,238,4.114176653750816e+17,98294.118,21000.0,31222947805.5,655681903915500.0,0.0015937135400292727
2541214050000000000,86,6.344392086808349e+18,78256.837,21210.186,104632248176.07,2219269445412605.8,0.0003498001723485923
2407602070000000000,343,5.840143744047081e+17,96685.131,21000.0,37558547198.335,788729491165035.0,0.0013505309556275822
5843067230000000000,39,2.811614593712702e+18,131948.718,21000.0,140466186267.231,2949789911611850.5,0.0010491444731465453
5202789690000000000,747,1.5243057026022454e+18,82149.933,21000.0,28283983929.738,593963662524498.0,0.0003896617729045443
4129654030000000000,117,2.8103352720137555e+17,61984.615,21000.0,59509105934.692,1249691224628532.0,0.004446769170473605
39358357500000000,110,2.923557973285334e+17,170471.491,89722.664,143749090909.091,1.2897551383941828e+16,0.044115941950856094
2580441212261738408,187,6.126118720265508e+17,66700.535,21000.0,56873927759.182,1194352482942822.0,0.0019496071452089953
37078330790057514963,940,1.1887309744280163e+17,564327.288,135307.103,197183273164.406,2.668029745193342e+16,0.22444352865265602
8958193694134960809,178,1.85267251196388e+17,558882.101,131878.916,192276235862.82602,2.535718155814982e+16,0.13686812641955032
5509979110115810153,942,2.6575642945240883e+17,468988.17100000003,134282.024,133248186517.696,1.7892836179925732e+16,0.06732795220342899
5625000000000000000,164,3.954268292682927e+16,300023.335,208319.52399999998,138973379850.829,2.895086833919589e+16,0.7321422371053393
3497434780093284229,336,1.1718541043292304e+17,72122.024,21000.0,27258525214.655,572429029507755.0,0.004884814819464353
3114034145459607998,489,8.991825490132424e+17,108106.339,21000.0,29511263155.781002,619736526271401.0,0.0006892221462165789
2444058910000000000,134,8.694719752985075e+17,124425.373,21000.0,102201492537.313,2146231343283573.0,0.0024684307306704484
7133142909707208942,637,3.917417777993884e+18,135542.56699999998,62992.835,42910150320.625,2703032018972327.5,0.0006900035105156832
34581826840909782137,352,2.5256527293361705e+18,141826.295,105471.81800000001,135365289891.41801,1.4277223218944882e+16,0.005652884520944189
4482771165368942874,3,5e+16,103284.66699999999,80356.0,125102831715.66699,1.0052763145344136e+16,0.20105526290688272
592225934861505681,3404,7.961700439370159e+17,191475.667,108215.076,136027325603.4,1.4720207378248676e+16,0.018488773209122615
6292695992000000000,509,2.0859497481612165e+18,116257.479,21617.597,65970700637.352005,1426128020185919.0,0.0006836828267042692
4010235526000000000,191,5.04238311070131e+17,98638.743,21000.0,57119675006.079,1199513175127659.0,0.002378861639017403
4572152030000000000,237,2.3631486768464507e+18,93649.789,21000.0,57223363268.789,1201690628644569.0,0.0005085124945452811
2645238090000000000,577,3.6980867310390624e+17,102230.156,21000.0,21579587453.704,453171336527784.0,0.001225421060907501
2571795122199329450,136,2.059756068700832e+17,175416.39,116064.55099999999,65086297199.050995,7554211860660411.0,0.03667527420091616
792562466412836618,257,4.017115202455023e+17,200942.658,141565.914,101473118192.638,1.4365134723370826e+16,0.03575982763599039
6076049363347384340,104,1.11395599647571e+17,21000.0,21000.0,33600248492.471,705605218341891.0,0.006334228825683033
3467046851907120226,44,1.4212696117970728e+17,122469.591,49485.864,97978616445.864,4848556488348189.0,0.034114262685301544
2466864967851000000,9,2.749045308167778e+17,64324.333,28558.444,86240686196.111,2462899807253209.0,0.008959109549542916
551418628423570196,359,3.558800246781743e+17,149237.05599999998,106141.26699999999,114153267279.526,1.2116372421238532e+16,0.03404622788872594
5207000340000000150,87,3.236452702523939e+17,122011.494,21000.0,76053398623.40201,1597121371091442.2,0.004934789777233362
386888450198878551,402,7.232563537866538e+18,202023.112,89251.119,124466887007.483,1.110880894386442e+16,0.001535943498553944
435902456362844368,110,1.479065693033033e+17,34797.791,24345.491,76605019270.155,1864986807196385.2,0.012609222267686885
4398851769880970532,699,1.62740641863089e+17,222144.81,145686.983,147203724064.947,2.1445666445386624e+16,0.13177818521465898
3364625215150178564,151,1.3841307786449502e+17,115703.795,56432.788,59253690368.391,3343850946777051.0,0.024158489922828295
3316390320000000000,84,5.169461848376872e+17,58957.143,21000.0,75957298741.76201,1595103273577002.2,0.003085627325168942
6116967895000000000,592,5.188587998173859e+18,82733.108,21000.0,42040263093.485,882845524963185.0,0.00017015140251527112
2457013060000000000,561,8.525167412165394e+17,94638.146,21000.0,28460207310.884,597664353528564.0,0.0007010587882130013
8505893544629559000,49,1.5484927572142858e+18,105285.714,21000.0,123027933615.06099,2583586605916281.0,0.0016684524960672807
6611210189004577432,10000,5.480305424203157e+17,26551.523999999998,26405.917,40029241792.01,1057008836332747.4,0.0019287407443836723
4003704412966998099,10000,1.0302564775573116e+18,117712.395,68866.51,113109627602.753,7789465300401265.0,0.007560704999273298
3622584178605750044,33,3.2483483765972064e+17,185669.72699999998,140978.03,153778861722.03,2.1679440981214196e+16,0.0667398889152536
9188734491420247147,3633,8.179324803739419e+17,544050.207,356447.32,140228972746.241,4.998424152175065e+16,0.06111047393410625
241467026195299848,203,3.854523430847013e+17,159246.714,102195.11300000001,144342897897.163,1.4751138761348036e+16,0.03826968242895476
4206390374280430961,37,5.113870235923102e+17,91337.51400000001,63962.108,92312519219.351,5904503324060204.0,0.011546056218992786
2958596720000000000,48,4.132027084854661e+17,109562.5,21000.0,114789407705.58301,2410577561817243.0,0.005833886158812611
4761446480000000000,193,4.703586146772037e+17,62541.969000000005,21000.0,49696417189.083,1043624760970743.0,0.0022187852595980592
4015960346000000000,10000,2.85577481449e+17,201363.918,21106.627,178004600000.0,3757076696484200.0,0.013156067759338228
728449794822436807,721,4.651161035001272e+17,252902.798,172033.832,207966244259.653,3.577722992663611e+16,0.07692107337802877
3223069366990501963,349,8.578531352293978e+17,228361.49899999998,150925.232,144463691280.132,2.1803216122030296e+16,0.025416024289752016
7004074000000000000,10,7.20725e+17,34200.0,21000.0,110168008594.2,2313528180478200.0,0.003210001291030837
3605564743165388588,6221,1.5634444614174492e+16,172423.604,134533.94400000002,241162692345.518,3.244456814690115e+16,2.0751979969589884
3407046132432838470,6,8.174503679278602e+17,21000.0,21000.0,80666666666.667,1694000000000007.2,0.002072297067152953
755670007531431396,34,9.360093823529412e+17,107404.088,80597.79400000001,114385243287.61801,9219198275135320.0,0.00984947207682907
500753000034584686,1119,6.926763026622685e+17,166908.891,80319.463,67194357101.91599,5397014679056129.0,0.007791539364509741
706898011672760008,2498,2.256060953360771e+17,161884.512,80214.975,44584399676.524,3576336505442381.0,0.015852127133865086
586740296649787458,281,9.086804548652578e+16,203876.32,134226.893,163623381967.27402,2.196265818361942e+16,0.24169836674737455
3021468582385002344,150,1.3302236135444317e+17,164273.06699999998,107724.433,153263492250.88,1.6510222802325942e+16,0.12411614584358356
5726115311501261525,91,1.0230908189095432e+18,21923.077,21000.0,115152755387.22,2418207863131620.0,0.0023636297173588714
2454415455639244745,37,7.702443963283787e+16,150675.514,111644.73,86085963033.162,9611044099627352.0,0.12477914990932139
3938309730292093000,59,6.501409168340324e+17,54574.051,33821.153,125941667862.831,4259492417863990.0,0.006551644893550594
5411371705018412666,121,5.5252612349459085e+17,59599.297999999995,43244.752,112974818914.20699,4885568026189790.0,0.00884223897919936
3180398006551015848,53,1.7631938608702317e+17,64245.282999999996,21000.0,106212432827.736,2230461089382455.8,0.012650118281841127
3270744118277746284,551,8.354717108302848e+16,162779.575,105198.31199999999,87161686039.114,9169262242388758.0,0.1097495238142345
660222539613000,184,4.135812102320484e+17,155320.457,104376.56,121601489461.83199,1.2692345160902274e+16,0.03068888249004583
4057358949243677000,10000,5895800000000000.0,21058.5,21010.66,29998000000.0,630277778680000.0,0.10690284247769599
87103888809000,183,2.499921869390733e+18,109203.148,58048.984000000004,256711472270.50302,1.4901840146446874e+16,0.0059609223507767735
3088326720595498305,1220,1.306936559372521e+18,348215.856,247732.324,111150294948.67099,2.7535520880919724e+16,0.021068750953098996
8013064955302477772,254,2.3252362666001664e+17,181511.24,120896.24,108544266625.776,1.3122593708613806e+16,0.05643552828203968
2534376000000000000,40,6.33594e+16,21000.0,21000.0,148600000000.0,3120600000000000.0,0.04925236034432144
5603150408756735951,2043,2.0479170655005222e+17,386518.88200000004,33676.672999999995,106353377389.26,3581627912783702.0,0.017489125771352133
937690538033160447,76,3.638589446689816e+17,136332.171,90695.079,86684697484.382,7861875486437127.0,0.021606932031283218
2532428811144922155,462,1.4371107195999242e+18,142134.92,99960.32699999999,70741979777.455,7071391431181789.0,0.004920561328183806
383064500961759892,648,1.7406295590518307e+17,233536.492,150583.505,110753123146.437,1.6677593473087112e+16,0.09581357151128618
8419995699423558033,11,7.654541544930508e+17,105603.636,21000.0,123782949958.18199,2599441949121822.0,0.003395947273737635
3600672346962375499,229,1.2090503248279145e+18,159536.969,122745.948,77728351179.943,9540840152059022.0,0.007891185301502632
533479628635209367,328,3.938908098213566e+17,152149.457,111913.186,94023867240.095,1.0522510542880058e+16,0.02671428294468812
4522954523966739277,87,2.6863704054766192e+17,200538.98899999997,118800.241,104645805678.44801,1.2431946934238792e+16,0.0462778584401249
5000444148000000000,8,4.42480816e+18,56873.25,22449.5,101917421250.0,2287995148351875.0,0.0005170834679422293
25799526488141568,47,5.328771495649483e+17,152396.617,88788.383,131560478983.23401,1.1681042195626832e+16,0.0219207038717338
927915342326367317,192,1.5895115176312246e+17,148264.448,114057.18199999999,96319289112.786,1.098590668844765e+16,0.06911498637530754
247550318020271054,3304,1.1795357105468242e+18,156427.12900000002,105679.54400000001,112851053700.635,1.192604789500262e+16,0.010110798501788294
6739949800000000000,7,9.628499714285714e+17,21000.0,21000.0,103102970967.143,2165162390310003.0,0.002248701723589992
2424445548472618934,130,1.3752812767692308e+18,195954.062,130605.431,100593214306.185,1.3138020110134658e+16,0.009552969513987784
5144615497998269659,11,1.198242818181818e+18,169321.0,120979.18199999999,156346921359.091,1.8914722654241156e+16,0.015785383702897428
3718939338636340178,912,3.307426396926651e+17,180818.862,120243.186,112874392511.44699,1.3572376573390928e+16,0.041036065340721545
344650275719153352,580,4.087233427506441e+17,34396.962,28180.56,129089202607.752,3637806019439912.0,0.008900411694027669
664234733352823329,61,2.6271786511094003e+17,116882.27900000001,85163.96699999999,148172587790.09802,1.261896537686051e+16,0.048032383985503975
51434233000000000,9,3.934692236666667e+17,39761.111000000004,25784.222,85455555555.556,2203405015577789.2,0.005599942468294386
3293496832041551984,203,2.6488324713536787e+17,192424.552,139689.85199999998,89704808012.37401,1.2530851354936938e+16,0.04730707392956822
463452377822220676,61,1.9707684348068992e+17,65809.246,37027.967000000004,116553466780.01599,4315737921666029.0,0.021898757080960125
6710360856653061441,615,1.3942377422481193e+18,234421.665,168186.72699999998,108432569923.12401,1.8236919035568868e+16,0.013080207544922002
5486650938341755632,125,4.386386420874205e+16,50993.832,21384.8,90815924104.52,1942080373790339.2,0.0442751775025622
8550000000000000000,280,3.107142857142857e+16,277611.807,213611.18600000002,142547979415.489,3.0449842944846196e+16,0.9799949453513719
3128013914161617597,56,1.2680983091781078e+17,44839.28599999999,21000.0,30108712244.804,632282957140884.0,0.004986072077887127
2529485992000000000,706,9.534090059089022e+16,50215.297,21000.452999999998,5152537460.21,108205620763879.47,0.0011349339065737593
