pubkey,balance,txn_count,total_transacted,total_fee,avg_txn,avg_fee_percent
4GC3a1RkRXx5shwGP8pTY6cxXgSWkbfc66vM53a6qSKj,1063227836520451,1,2499990000000,5000,2499990000000,2.0000080000320002e-07
9z8w7GymR1AYvWWki8o8JHPnvnuAXTWKLsMA6jUU6Nj1,25025269429350,52,1139280213747910,265000,21909234879767,2.326030038985974e-08
4AcoZa1P8fF5XK21RJsiuMRZPEScbbWNc75oakRFHiBz,92208019020880,11,292228000000000,75000,26566181818181,2.5664891796816186e-08
3Wc5jMzqEdExQtxH7H5K3TvJpkxUizXMCEdwMadqVVpv,2134689067744493,5,25576253038360,25000,5115250607672,9.774692157801334e-08
H7e58nyHiwmkeHonL511tphKZLXBP6wWqErV699bNZes,989456506681388,3,9411286415000,15000,3137095471666,1.593830995951046e-07
33ZCSWgqpo4RSnczqNKkTwvGx12T9WK7pzSJCG6VYdka,45392677410357,13,7240127295000,65000,556932868846,8.977742704177136e-07
F1iqbHfoCJHyqUhp1JCPBh5Rdfjow4Qr7ib7AegC2bDt,2914542421923875,13,10761162602576,65000,827781738659,6.040239554083157e-07
7wbnwfdfUfcmSJzEEGAUYRu2oYqG6TWywASDffHLCE9y,34270788955712,28,6325400994488,180000,225907178374,2.845669391661545e-06
6VAH4K52x6EQgWkpcDjiowt2aiipmHTcobvZge12sLtE,13733618361370,14,4416877629461,75000,315491259247,1.6980321007705254e-06
9XWxHqqvraKQS5HhhNdT11VhwBPChP51fwtCTi83X78o,1016950114915203,9,12275398974416,45000,1363933219379,3.665868628285531e-07
7x4a4ntcjmiTT9fdTqZSSwERVoxJaAwKAtwgzYfbEsxn,2323701377007892,10,5117416834000,50000,511741683400,9.770554485185016e-07
9EzcgTrpBrggczPawyVsWKDYb3W77QcSQc5akvcGv2aP,1238362711759089,8,3905402484700,40000,488175310587,1.0242222192643652e-06
EE56Rs4qxypiehS5eNgT1iQsYyvTrmKmtnyaeFuTsAMB,1166987441937191,23,2710077038637,115000,117829436462,4.2434218053756076e-06
CsD3itiw883rx2RaYR464fVxkTZMGsd1wL1ezApe4rZt,2109981516192073,62,11360175223438,310000,183228632636,2.7288311483120134e-06
DapUEELsvLPsKXbjrmvv88kDCviNEXyr6u9QRkb4Q6rB,2962440918551281,7,2002002019280,35000,286000288468,1.7482499849119734e-06
4uQoWxM82suCDRqaGhfRtLqz9wjYL2dHv6TuDQdkzoiu,2505050440505190,11,3104292822950,55000,282208438450,1.7717400753365034e-06
33v5CjgAWfvumHULaZLYTi4F6fwBUtmAnmhyj6tknfM5,36320457461410,21,4008064468224,105000,190860212772,2.61971834117045e-06
ADfDasZiZmoewgXJQtUobno9hG4Y97ab5a1uYQbQB2zC,29877990073099,31,4432334275648,155000,142978525020,3.4970286616602095e-06
Akrigbxqt5RtXu2f5tyPGqzmyyunTWPr6tv1uF9CvUN7,138342513914323,10,3654680115402,50000,365468011540,1.368108792594019e-06
8TccghqD7hc1KgCEpPF4PBYoBUYL421d6ZYW2ZvUPqkq,2610690476459137,1,27292670000,5000,27292670000,1.831993718459938e-05
ENKH7RXenibWiLQHPiGCV6w1i8Fuwd3j5w1N5wbv9ati,23766390080428,4,1729475166596,20000,432368791649,1.1564201895633196e-06
DZNmPaSYjLfAb3VzNbM4cvu9QWTLNnvTDi7FYks5d51e,1036101202488353,18,6264408698846,90000,348022705491,1.4366878715397255e-06
CddEnWW6we71LKdEHwAoQKUr5k58Vt7EkU8wr6Ru82C9,1083241539168826,7,1531051115160,35000,218721587880,2.2860112019409868e-06
EVyKwMP3h7B1j4DfLfSMYGRjMAvqwaTxCsZ9WEc4BNqo,1116545018164994,42,4364478228970,210000,103916148308,4.811571715631153e-06
A7XNU6Zb52aHPhLvnnocwnpp9sAi15HxxuK3ZBLHmevd,982798181724884,12,2635357401520,60000,219613116793,2.2767310409356124e-06
9yq3PiiC5eZRt8RHDDyorHZHQjd11QaYcUFEvDPgBxnn,45938150610882,22,5079384688430,110000,230881122201,2.1656166395619106e-06
5ZcH5iDdsU9fNFUEhV82XowhpkRkRWWnH2cjs64aUkfp,1058411152570806,7,1478747086230,35000,211249583747,2.3668685690688964e-06
5eugvHFdBhhsFUre3svznxMssfCf7Neop84u6eagEj4T,13816735375465,6,1199031275091,30000,199838545848,2.50201980742522e-06
Gwt1st6ma21BQPDQpQ2znRxXFQudzQgs7E7MmXvf7HwH,7590289951116,18,2645806947212,95000,146989274845,3.590586988975351e-06
CzovjnNqp3GUavMiCWvySnvUjUNKQpcbR8BzNiWMkRmA,39703851020900,3,1177104200174,15000,392368066724,1.2743136926860591e-06
BkKeuYYCmjh613173Cm1n973o8My16Sv6cynyWa182qD,1026761231307545,6,1066915410000,30000,177819235000,2.811844286699355e-06
8F3nsWNvXvJB7XL8EJbamWsqQ9N9K2TPzn5HXgjWfBHj,21774850276874,5,1252429525772,25000,250485905154,1.9961202994308165e-06
GFsvn9221ppTKRorip7P1JC7W8UQCpTNefS1fQXFFsfu,2022739751300013,111,4792583541070,555000,43176428297,1.1580392814103974e-05
F5fKKzZkt5SStZx9u7KGW2eWbHTB6ND56nkq3QwJsU1c,973466419781748,12,2399098024880,65000,199924835406,2.709351569878068e-06
85JynDDachGwv413n7wET7zXqxxAKyqvi9PmRJtsQPd1,1020511694266920,3,999771359800,15000,333257119933,1.5003430387324443e-06
AqEHfEMed9wp6oBBA9LCE8vqkzjDbwNZqBi7FLkXtLjE,1118505580153865,27,1456139830960,135000,53931104850,9.271087647605763e-06
7Z6vg1sJ15dTzpSJn4A1BBadJTRC1VbNRGHBraqBpWTC,3731182949475792,14,1445124187240,70000,103223156231,4.843874361669286e-06
2MhZQ4PByjgMqdauLZWij1Rw1VzCqKqLug2qi9RXgpcq,11530650135034,12,950427904990,60000,79202325415,6.3129459567615804e-06
HUaKfB1UXwRJ5ZNhTSr8fkw617EEG97JHQD8RH3eSVJT,84809725615919,3,739217970620,15000,246405990206,2.029171448229152e-06
6RhTc6dhPGcmJCMTAXJvdeNnz2nsaDTQYcBR7CgeDigm,5550334063358,12,1868032867500,60000,155669405625,3.211934920625801e-06
32o1QEnN5ef995aYFn3UrfWNyjBqzm4H9tMUXMNKNZm4,393489673563644,25,1998623736860,125000,79944949474,6.25430378388206e-06
7xF1h7PhQJiZkef62E5igqAmqoXfbpGeTe4C3mZY2YLe,37423914602176,5,781989960000,25000,156397992000,3.19697199181432e-06
F2eeg5Giy5RHb6UJwwSDKirtR9vDgzr7NzS7S3nG1d4H,60198868469086,2,99990000000,10000,49995000000,1.0001000100010001e-05
Cf5tVqEdFxAqPdJBdidgdw5pujqyi8KbmaH3c7a1QWY9,872129935390515,22,1919190390934,110000,87235926860,5.73158351144448e-06
G3v86B68CEHPrfoDnxiXUCHns5R1EVzsEEWD7KiXfQZb,2745800065838963,66,863027318500,330000,13076171492,3.823749178340755e-05
53n49KjcxGhevW2kMZnqK6BCHz6yGXcwn4z3KhzYq6zc,3854632957184477,5,670661625000,25000,134132325000,3.7276622171426615e-06
2Wpj2bdHx9E6pBZ5deKdJb7wrneU9Yt7n816DnYmi2Do,1179496423060297,28,678399418190,160000,24228550649,2.358492588730208e-05
D3HyETQQFYcyU2nSg33eXMoqzLAyu3aRoeaeRrEj3zvZ,34382466716073,16,878520075350,80000,54907504709,9.106223323141274e-06
8i1j31UuRkrG3tfCzT7RGgMTapcREvgyUS2CVGa41cjg,443724953492609,59,8427294978374,295000,142835508108,3.500530131638024e-06
688bVqWYquTHmfwigjx64vrgMbnt7gWCfRBAYmcJvnA4,7568652335729,34,4030035769888,175000,118530463820,4.342393219126774e-06
G5tY1kyESoMByfMFdHBL39rbHXs8cBFZKVm8AeiJcb2j,4092621512551011,6,700802555740,30000,116800425956,4.280806306181637e-06
8bPfpc36yLTbR3ri6gAzkRmmMecaJZtqPsw77ub6zLA8,2789173255992720,6,877631990000,30000,146271998333,3.4182892535628744e-06
6Cr3qKNsjQ4LR7rjSzsds6hnqybyVTckRGESGpDPxN9E,4062545121107285,5,989747709134,25000,197949541826,2.5258962227732016e-06
FA11zRRxSLTBeZK9FFRKnsn9v5bf2BmCuwwwu1pJgUcN,41107870748054,32,1571616894794,160000,49113027962,1.0180598117136684e-05
HNNohWs1AzAHc1giz5Wt94ZazfXwxSFi7F6L6JY9YaGr,2085309398246014,8,581551538450,40000,72693942306,6.878152210999452e-06
85sDKYLiM8N6oeexgGnK1DmPGpSQf8XsUyKU1qTMG7vW,76341850963341,14,1385239240954,70000,98945660068,5.053278735577237e-06
9n8WaPsst7pxYmR7w9dwVoZEKBgnt1JErV16THtxg4aR,1135952222326174,48,1685075261337,320000,35105734611,1.8990249714193794e-05
AWkz1cq5FWnfzmvs23hnjsRXpJw7tWxqiEAVi3JJ3xeU,33819704293884,25,1637782745738,130000,65511309829,7.93756072582269e-06
DvHvMzw84c4vnZjim8V31UFn45h6LhKAUH8iAjRdtP82,21791774814810,6,642815184927,30000,107135864154,4.666971270040375e-06
78nk7o9Zmvut76C5JinbVnYpScgEJBrSDyTSbNznVsrp,219958217875142,19,1460954056614,95000,76892318769,6.5026001036732144e-06
HT7Yu1v6RrPV5R8P4tjXNotzakT2yk3rka1BthFC91W,2648018657198217,11,1139416695020,55000,103583335910,4.827031255587719e-06
HRBx5nHU8QMzp19XHfxNQwtCFeJxg59VUTbDZstFQXCp,53464942963472,3,538863110000,15000,179621036666,2.7836383158609612e-06
9FR73VHacvZ4CtodwLF9LkSJAhuGcKfs55x35ByZTjXh,2185316372413122,45,4098108313586,225000,91069073635,5.490338048266872e-06
FUbwxGvkapyWSMTfNQc8bmn5SKTKFZzd6NM2C3KJmL2E,32813544481409,24,1220621406743,120000,50859225280,9.831058126384786e-06
HfZKcrLyTdNa2jnzs2HpGbNZrRMCaJru9n9EmA8Rbnb1,265958679791358,10,1300613706750,50000,130061370675,3.844339002465307e-06
92EjDpez9jv9KE8GeTn7fpUHLj6dqFDgcmrhdWsWDpa5,27043128658196,11,1640831985000,55000,149166544090,3.351958061690271e-06
Di3TYvAEQpez2BQTW8kY2rUZd9UEz6rw288sTSeXCbBm,2255226043484627,5,523411980340,25000,104682396068,4.776352269155246e-06
8r75cYbinsRUwaDEk1cWC8iqzXDjTJtHpqgLVwmMMDbF,2535525943538950,4,456527564678,20000,114131891169,4.380896477544896e-06
Dtymg1zpwztY6X2Jd4YBYhxjEw6MwLiMUCwW4enREVoC,40752186143525,13,958122570000,65000,73701736153,6.784100702272362e-06
7zExK7KeiNFNd3q63TLEhQXprF4pQDnnT3ot4VL1mGZ9,3342764462605935,46,2876038538356,230000,62522576920,7.99711119766401e-06
EoYxrLREESoA4EdKJyQwS78AgNXAF2mUcSn421yZyPKq,1180775217683234,3,460332808460,15000,153444269486,3.2585120426634556e-06
GMXFdejpkypDxBH6vJn3mEcJ2MPbMxgYKyyfVrwU6JSG,2366890318849008,4,8762038722660,20000,2190509680665,2.2825737973831227e-07
BFNvubqBxXvorBLKX2SQY9Ex5EHjffviiGwv9eVYhMyH,19155613069404,7,878027584569,35000,125432512081,3.986207337344709e-06
7N58rXLTYfkkwke7NZa11ut1qg4UgnQuqXV9XdLhb8QW,4021875696276291,4,448809985000,20000,112202496250,4.45622884259137e-06
DxV8AyRunDXKYcykjqQpsg3nYrRJgznXF5p7DcEc1HgR,46303342129946,4,486602585000,20000,121650646250,4.1101302410878066e-06
3YGpdJwQyMkiSNAhD8wPLR9ScxeJYRdWBrncFcyuRvJf,1013986905812110,3,549969995000,15000,183323331666,2.727421520514042e-06
GE8ULc8AUB8VXiqcqSLYpHGzJRBvvqWFgT9wFzLxQQwd,27212030278451,4,495120857902,20000,123780214475,4.039417786749478e-06
8Up8bHuF38PhTZZFxB6CkDapwQiB7iaWo29iu5XsXEhG,1176370522535107,18,974481897203,90000,54137883177,9.235676953909753e-06
CdayudN32ar6Y5Z3njNEwqeHxvWPB6FdX3vdNQvTpMnL,503924385983049,17,2060011430632,85000,121177142978,4.12619069661776e-06
Dw5QxMPBtmN3Z9CWUVDHaRnryGNv2n52ehzt9Z9g4254,1121581678300860,58,1388537054517,290000,23940294043,2.0885290677451595e-05
GG7Vb3BqQ1SZaQZj9p1sdR4DBHYchE52ptSYgvfjqhcc,3854045640589432,4,390760834280,20000,97690208570,5.118220211821173e-06
BtPHFYLjbFiTZxdLZ7XTAQ5tm86stj6sDXFw6kbbrQn7,37429717996562,18,892929248749,90000,49607180486,1.007918601905925e-05
BVb2dseAJBM8nPSk3TAskbHLsMspf6Xz9M23VxhuLuXQ,2016949345972605,2,743995000,10000,371997500,0.0013440950544022473
6bp3GyiK7cQm53JKMYqU4kVWvVJaKfXnnRCXJCSmdAmn,3071605678799225,4,404806394000,20000,101201598500,4.940633422899935e-06
4YGagXNXcAkvyieBc68RNGjYo75ZynidMLCitYZSHUzJ,1100066105006917,1,48001165770,5000,48001165770,1.0416413684529562e-05
CRd1XuUVwGXvJEyLkha7Qa9Ai1sZ83eZxphSDx4KuwMz,39230696831717,15,805962047731,75000,53730803182,9.30564909491026e-06
71xXkysqNXqHJDB8riK5U5ZDG7nCcpgswQPrLhr3DBEH,928953784857183,7,644412840920,35000,92058977274,5.4313008334892945e-06
6wxLyCDxiCVshfGod5LGEzm7PTdYg7Y9s3q8N1QWfyE,679791445755425,34,706850591320,170000,20789723274,2.4050344172809625e-05
BtXC2uDngcef45dk9NebGYubFuK6KX5sW8K9fb5UJZby,29849242682671,14,1614261359464,70000,115304382818,4.3363486085823695e-06
9it9JTSatr3nL2Lm8zM9a2hXuY6Gt5m6TSShk2s8af8Z,37803271957064,7,491611663084,35000,70230237583,7.119440531666083e-06
8fKSBmSix33FboQ97EQBo2adNJmkMuzwG5EU4cjaidjo,54674839183448,3,424570288794,15000,141523429598,3.532983912418315e-06
GCLjKLetrBYkmHadGSc3LLmQmFnpGaXgfW7jeZXQmPzm,467671425959349,14,1002371876350,70000,71597991167,6.98343615294709e-06
6wUMCpBtodCbGTajybEwyBmQBkg4ttcF8iev9ac4ikmw,1038206709998563,4,357454181206,20000,89363545301,5.595122690276785e-06
6Wudg7ndXJrkQhF8mLRvb8UasktETZM7quvqtEDDS9ht,1183469891465749,8,456368170000,40000,57046021250,8.764853166687764e-06
7DE8WwFZuqACNtBJzFa5PeV6LTcKzrmbtBzp7YzSKFHM,1177481822910247,16,798747374540,80000,49921710908,1.0015682373425282e-05
GNCyXt9oSaJkfAFEA3jeV4BEAmssaKGtiSXpdk7uxfJq,2377169678832172,7,484554690000,35000,69222098571,7.223126867268584e-06
CibZ1MTZ7rpnFfD5fa9RdLmpzCDsUMZjKyJPvfiCAheC,22202798032206,6,679936926593,30000,113322821098,4.412173957123165e-06
53iNJe3M6LoE5MpZfWoLjkUQVzGSB6mmSYf9G384SxE3,1012479700954932,5,331089995000,25000,66217999000,7.550817112428904e-06
3Sru7CqU9YMLKM116FKjT2ntR2J2i5Xd72Cz5QzSsWMT,1287839999489979,3,311999694280,15000,103999898093,4.807697018619015e-06
5r2qU947kbxTvz91fwXpPDQu1tkrUBjfwaP6NgXwN3nt,790189465699925,7,612046014860,35000,87435144980,5.7185242857934355e-06
96RdPyYnuNnasS84SeegXDYqvGif8wCUkuZzWeCkAvL8,17465181632132,6,469874795000,30000,78312465833,6.384679561286108e-06
8SD3ERRMT51cKizxMAizpf3orDLKu8CCmhvZuehUKfeC,3910296208449903,14,719735284410,70000,51409663172,9.725798014388334e-06
FbNomNP942XpUo1DzqbJjNutQrhJNdgVJ2btMty9myyL,32435091608751,65,3081133174307,325000,47402048835,1.0548067273109612e-05
HoeW7KeGPL7hYoX3ikh3zBrTWSe5rK8Y7mYMbRsBsMrg,2633943182400467,11,354929355000,55000,32266305000,1.5496041458729162e-05
FuwsciYkZJr2s4rrNcPbqMqMvwVSnsT1sTtCU2j6ooAh,1263720869679322,71,1291044430699,355000,18183724376,2.7497117183472545e-05
3HPexUqtZnsxLxWMkU6iughevaCuE5uHDmRthYo3RjB8,35064745508580,1,22100000000,5000,22100000000,2.262443438914027e-05
2F5V2ibhKFBE9q3QBh6cKXecdbNHmTBpCgJZeh2pG8p5,21268956850488,21,938346309994,105000,44683157618,1.1189898535506725e-05
vsAZeVceobcbTwk4eVwKprewqVQmosZCDx2LWFxtDu1,44418049295045,4,329110512706,20000,82277628176,6.0769860663388586e-06
4d9EAAy33szwc7XRP8HqycMebKHUMYeq21pczLbFy8Vi,2794719651577125,4,288182115000,20000,72045528750,6.940055943443958e-06
EXRJsY1qokueuEVkH7JrTEKzWZ6diJ6Dux5j6p21Rhzt,1182593911177620,36,678878753961,180000,18857743165,2.6514307444410104e-05
CmgGrvHmB6gXfFUko3o1M4Xqq5C3BPwawC8SrpHBCWJx,38170005273526,7,576575746216,35000,82367963745,6.070321242213353e-06
4YyEdJtQNi5UdkiyBdSyzUBMCCgfey7KhLirAvJRDah1,1120575963358999,12,525384833766,60000,43782069480,1.1420200231117305e-05
95B26suW4aqvEaWAZ5mxc5rCyjUCy1Vvud4AAsmjk3zo,1850601606049897,14,550850136070,70000,39346438290,1.2707630518058848e-05
8eAM4S2rnhqYcbUPsSuR5tqML4tUJqigxWxzvw5uvZ6C,2284963676872094,7,320789995000,35000,45827142142,1.091056471384028e-05
6CfqGgcmrNxtxcPGuTTHm3LhP5pWExMSVfNeWZ7mhVHR,51448137270221,8,325762544686,40000,40720318085,1.2278882472064334e-05
JC2MTFhb8qdrPzUHGdwgsfhBtEz1FYM1y9Sx3TvJvrko,1239584228443812,17,501643504316,85000,29508441430,1.694430392672961e-05
3w6pmUZZkrQfh1UV7BTP4gWBN9vKrkFodyRZ2qT6P1WE,1057209152050968,9,448194563000,45000,49799395888,1.0040282438678311e-05
Da1Lt5oLdBqmXLEV4uDwQYEzTtV2kUoj2TXnnZ5jjRJX,13961872286116,7,456842896836,35000,65263270976,7.661277047843537e-06
A7UuVDgLNwecYWL2b3tpngdXiHnuD2MSvMhx4hSXpREo,1148364930033432,37,1152465347634,185000,31147712098,1.605254339141764e-05
2eKnsbYLC4RXJQBhLhuzv6d2sXzHUXsVGkeZKzTES9Ni,4307326440290296,10,443938530010,50000,44393853001,1.1262820552853053e-05
4CFDJJm3RkXEkoxkyAti58uVqRURuLrph58XbpQudZf7,49756286792929,5,301499990000,25000,60299998000,8.29187423853646e-06
EVSvEAaCdjNQQdkxV1eBGXTRMVdQnQDzg3vz3zTm4KiH,2629943056451454,52,735286195506,260000,14140119144,3.5360380976699346e-05
DnYzmQYqbfCy2Eahxgqdyxti28hXAJPfaDYVF67oV6hy,3297028399696905,13,6257917967332,65000,481378305179,1.038684117294559e-06
2GJgodScbGMRmPPaM8NK9jnbCAXVYQq8ow9E8bMQ6WmR,2415620045120261,3,252959995000,15000,84319998333,5.929791388555333e-06
6cxkXbjvKuYtj8thKVSNqAzFchqHawJqgtSnbdLsbRdv,3074266543382150,9,255385905000,45000,28376211666,1.7620392950033793e-05
EyQVimUJ8FA7gb6ovJHcDdGE8pTZSUeHdhNgTNY4crqF,1137116473315365,25,1871128822358,125000,74845152894,6.680459330559334e-06
21CmmasivWo5PAzhwkn7DdF2JmUc2UZMhCLfEDG5XJb3,1118659373317494,8,365446452348,40000,45680806543,1.09455160237565e-05
EuFnDrEkg5Vtxoqa43C3UEqtP6SXNYQ3hbuk8ZayhopJ,1145784677100742,5,255566137560,25000,51113227512,9.782203635695155e-06
HcBnHfG4GpdxFL5Z8qtmyGbzboyP6xJ4M5v2GUiddabz,17464917020108196,45,3417973611692,225000,75954969148,6.582847779465981e-06
AfVmKiwEBCuMjCehH1JnufqNWvZMG2cVCkjeFwmJY74x,1665666573700560,3,237045624800,15000,79015208266,6.327895742710202e-06
BQ4wcatpXhw24GLv8SsKJgqbojQxbZLhfULhrujXuqz7,62079376156905,3,241546445751,15000,80515481917,6.209985807641676e-06
6ZyvK3Po9tkQ7Cijgtx2GyLziDuHTzPE4S8P5fqXWCuM,12064673102659,12,724209235560,60000,60350769630,8.284898487051823e-06
4dT6ENLgdzHiGAnu7ZB4Xz9VgDkNLc7SEVjmx7Scg2An,1284958915614883,18,364344802620,90000,20241377923,2.4701875627924663e-05
B6VYrXeGL4e1Vmk2Cyd6fen9W9PBgyfaFvRQGCak8reS,2052848879863889,40,512901627140,200000,12822540678,3.899383223157696e-05
BuuigNj6sL8JHSiFsL8MFDVTMcAAPyMbdSUVKLFjuZkm,1214356883569063,11,419400870970,55000,38127351906,1.3113945107647184e-05
9K3v8wTfJZhhng6oiSkmn2AKj36nV8UWUHyRUDKU6EMH,729855695918367,8,238471316258,40000,29808914532,1.6773505773216077e-05
FW6hbUUyK9H6G38HrxEf2rtgzBUwW8ykLzHgdaninwwK,3742894463489764,6,358315474520,30000,59719245753,8.372510297019142e-06
5KhURzw4d7bifU8LNN9EPz3eaEM8Wq2aC8NHNBJpoRCT,1176131964321049,7,330378251760,35000,47196893108,1.0593917672712125e-05
GAqMSaejBuKi5KWSq2Vqhh4MrEgAYPQFqu3dnExqzerM,1196858476913636,5,232993691840,25000,46598738368,1.0729904231556554e-05
H7rgdMpTWWGcd1n3P6wonKj2jcDxg2GJHmstBCUsW7Pv,727954455734787,4,225738541060,20000,56434635265,8.859807415289406e-06
9uAzTCxaZBoxHPmmgc3DGWv9tBcnWuvSUAAa91uN92eL,3149959168541350,11,489478288445,55000,44498026222,1.1236453444079584e-05
AYw4VZsd9x4sqNxfeUiLMPsXjSeuXovr7hG7YmPq5N9v,1127668888751692,29,444588776218,145000,15330647455,3.26144085852722e-05
C25j8eWw2J1pjYAikGJiW3BhRVNtRhkYjEUryL3iRuBL,2470973896622294,102,9926571309364,510000,97319326562,5.1377256467084796e-06
GiwFyTxJWsU8jWb5KvfxL7GnsSms8ueJsHmvncqpZ9dw,2682669628143221,4,215895792666,20000,53973948166,9.263728465028892e-06
6oCa4vpLfyY6LokhbimJX2VbBYM4eFLsgt5nszZKNb4e,45665758005630,4,320339995000,20000,80084998750,6.2433665206244385e-06
5fTzB2D4jcWGTkTmWKz7ar9ms7daPisPqrJeS5SyDace,369166228676878,11,350504867690,55000,31864078880,1.5691650835686572e-05
Enmy5cbjwhmAGEoKN5yXR8xcbf6YuF34gyDNK1bejLV7,2023025368169484,4,247124775000,20000,61781193750,8.093077677056055e-06
3qc7zzqkV7SwWbaTcZRcoETWbShKEXCdczP2vBA5sfkU,22618914506987,10,310338721487,50000,31033872148,1.611142810681924e-05
FEEChHkwxJHZ5pr41j9n2goyRpNGV8P897Zek9ShAPU9,1044894740572668,8,249161901670,40000,31145237708,1.605381871461938e-05
GW8aFc4dHAtPCun2mFex2ccWoHPJEcKYU4AxUbZMvMET,167790623527465,8,469650734576,40000,58706341822,8.516967409007024e-06
7596UNwDgLcSFbHJiVLkmoNAKqXhzffGWSZpvcxUdtGA,2637475927017973,3,249959995000,15000,83319998333,6.000960273662991e-06
2AWCAFno854CXucPyuSfgouDZC9UgmJ8ZxPr1j69iNCq,11502555450914,10,530404211780,50000,53040421178,9.426772806385426e-06
8QHDWrMVCGexvMMd5SuJEgNeNC6UxiSvijKA69VSYx2n,47555954115490,12,608549271990,60000,50712439332,9.859513890107153e-06
7A7rA5j1VwBxf3HsZV4rNUnCp2M4x46vDbQ6Hnxh5bNZ,2956304165085331,1,25000000000,5000,25000000000,1.9999999999999998e-05
5xmR6GRDVu3poMfDuEsGMVXGYFd2yMqWuR4QDezLgxZo,2590055813308683,21,938309342668,105000,44681397269,1.1190339392917238e-05
CLiuDfUVY19HCxLBbvutFJaMBPgMN338z7fwsHHMG8eH,435416583738961,13,462343332000,65000,35564871692,1.4058816360306024e-05
Afog3cX6VGvMNXt7aocqpM1j5F71xav7yV25bx3FTaZV,37455198759259,4,214550985000,20000,53637746250,9.321793605375432e-06
9c38yg6jCUnXGQDoaxADVAuwxwbggu8uAyjHRmo64VLS,2679196520311481,17,520139235000,85000,30596425588,1.6341778177914225e-05
5nkGUoBxb4mU6RqZQhhNqCiRreRUWR2AKoUuCUVwHs5Z,27862103030792,70,6239127502203,355000,89130392888,5.689898144807131e-06
G2ZLeHuUumPgWBFotwxwmzorrLYjLij8iNiok9bYPt4W,26553095236633,25,515063467997,125000,20602538719,2.4268853795068237e-05
7FWTYKeEdnfkPFHtCWMzKwX2UUiRp4Vb8WxMhk2Bwuva,994964503767802,5,204376218000,25000,40875243600,1.2232343001865315e-05
8Eyudw596KFKGVSdFSXHPW5ZEuLHUQE8qAEmbRhjKgJy,658247465648299,24,957668953376,120000,39902873057,1.2530426049312012e-05
GpbXA1ZcogWP6mD5pfAhy5zAQGLTxND7aACMfu9xX2FL,1080778207713718,9,495285514540,45000,55031723837,9.085668504114051e-06
5ymcf9XHWHuV8syEgCBuynAY35wf4tLWdWAz65zWaXbh,45766166105138,6,270655249947,30000,45109208324,1.1084211374386653e-05
D3m6ZwABZi5NJXP1xRqsDm8VdFmekzGfZn3reeakvv7a,18634409585732,13,195606514966,65000,15046654997,3.322997703389286e-05
4LcrypxJWXGXke1SHFKbD3XT89cVUmK3kK7xdth4wH1Z,1178990092242749,4,192168394600,20000,48042098650,1.0407538680660862e-05
2fMbv2fdVUHVuqMrJo1XYd3NBhyC8GanYfyvzqcZDFQ4,24258430518684,25,835762874968,125000,33430514998,1.4956395377670496e-05
CojMbgER6WeydbwPtGVnNy8Pz1AVaHKxJxeC4dRTsKxk,395136443769351,6,200404567640,30000,33400761273,1.4969718681208398e-05
FQLYWpyvMcjNYg4rq7KaHrnAm2WWvUkK75xf52XRvUvE,1075443197721957,27,373121996851,135000,13819333216,3.618119573205168e-05
79cRtXRk3MDvysq2CxvDuZutvUCMgW51KTDAyQaSpBvG,1121244666095538,33,4576024024498,165000,138667394681,3.6057503001877457e-06
GJk9auXLcmVtg587EnshJTCZo4ZeN61dsPC3ALCmzZWY,1227995474786437,4,181610000000,20000,45402500000,1.1012609437806289e-05
Fn9jFXn63xaR7ZY8Gj3nk2zzKLZ9oi9LG158h3tGX5on,540685411786901,3,178358819000,15000,59452939666,8.410013075944398e-06
2DFTZ98ZFfAXHh5YvNS56f3x3yveXhxWRrJAkw587PtZ,30889939866592,1,35999995000,5000,35999995000,1.3888890817901502e-05
Hfa9GYJC4RvnuTRGTBER2h9NcCpM5vPCqwRzRkbqLHrs,2668945570659836,19,541643239643,100000,28507538928,1.846233695557809e-05
AiqyBXExK35c7WmYSrW8UbvCafA4MmXxfHs9cunVBRqL,744974036810891,9,399729426886,45000,44414380765,1.1257615019880356e-05
4Xm68GBfLo8ce1PjGGYAm2yLqsr3F3irDWwzG2QUJyEy,2962973553787138,8,211639975000,50000,26454996875,2.3625026415732664e-05
AKfuA6ahXQoUHSHDb36PcjsQho7hQt1xqa6PxpAzwUxT,2074477501593095,30,663181008280,150000,22106033609,2.261825928776731e-05
9P2TQjow9XfyiDbmnR98stRxfwdZZuL6fAEYJTs3nXsM,8649556633008,7,584752264300,35000,83536037757,5.985440696308904e-06
7JCKZK3Wa6ou9s4GAfurhQK7CTjefeUngjU4JPzcLS4z,4223702100765681,5,184279984990,25000,36855996998,1.356631323871479e-05
DQo96S6RGjkegNA6jiApP5Rb4yMVcoUmdHBDBsKcmWba,718155087381208,30,277200908280,150000,9240030276,5.41123768066753e-05
9edN1ksjbsDKMbfzWP712hSF1sktUC4qMo3Eqn6G6b76,42697106605437,18,623239311406,90000,34624406189,1.4440680867348376e-05
6DhFwCNDoPAE3s4TUXTWMScKztc9uYJBkTTcTe1TC8T,962175145213483,6,203146929998,30000,33857821666,1.476763640991048e-05
2oV9s5apNf9C79NBPxKt6DAXkXboTSnPdKgNcpM3S8ar,2675180473048350,18,313538080992,90000,17418782277,2.8704647204336363e-05
DqNkDydt1g2xvZu5F1fsRGLqMjnEugUNsyJzqK7XuiKf,3132724112568115,1,7950000000,5000,7950000000,6.289308176100629e-05
3TareoTD8YH5RWHtL9GSbW9nsuhpc6P7RZHGsphYKwRH,740267457425064,12,451848962744,60000,37654080228,1.3278773428100943e-05
9kM6uXA5HxqYYS895uDvmexsbD1ARA3iG28m2jLxR6Hj,886687323645034,3,171110229750,15000,57036743250,8.766278919685688e-06
9J2BcbYUav8BrqYkgj7X6pN2PFtNrpJGLEyfeXYZy4oZ,1100717263976302,12,182349600576,60000,15195800048,3.290382858557076e-05
MvH4Tq2affToWtyvvFZijM4vYESdpXvoJCiYsGLEKpT,38227809973806,41,645633062893,205000,15747147875,3.175178158959533e-05
GodxH3EPgRbLaGayHTLZudgZY1Pd8xJgmy2UNEvHBrm7,382938953074936,3,301826639940,15000,100608879980,4.969740246580569e-06
9ZZMKpRFAn4jTANUdzLyiTeh4RaF43sgWEw1QQX1ywoW,449502687315021,18,510341542082,90000,28352307893,1.7635248667555873e-05
1uXZCz3pbqB5aj33UWe3wKe1Taq8rkjFgG9d9zuDJ49,1246468155476436,10,357139308080,50000,35713930808,1.4000139124646533e-05
9wGfDPdnYgQK2hm7ZmbmuWD7ogCCToZgkQg5N2ipJWWd,30111738689405,10,214404335428,50000,21440433542,2.332042395513532e-05
3iuKbPXn4NvJc2CVV2wBggTPZEpuSPyLH2a3hyCSmGhf,907276947284131,8,219611000040,40000,27451375005,1.821402388437482e-05
68rRAtq3XqKrtFB876rDjXPzL4YiHtMEGLd2TmAbGj9F,2663590770617433,1,7110000000,5000,7110000000,7.032348804500703e-05
3x2oTFizZJ2DCqFsxVLrVwsZ3qh1YFbu5qqtGRS7dz6o,1189596967463488,13,400914128314,65000,30839548331,1.6212948212463927e-05
87fpo5UVFDJurAYi1ywcHUqcSETL2BMnuJsoBtnCUaaL,740949821143605,7,152145013250,35000,21735001892,2.300436882705388e-05
79ytW6hiETrDG48oeobcoVwpP6bW4jM3v4h3AnnFaTvt,1082692995616256,1,49990000000,5000,49990000000,1.0002000400080016e-05
6ivkFME8HRTyJzEadiuChBpsFuaB2BkapTZNctjd4LGd,388777718577301,6,266517121588,30000,44419520264,1.125631247300352e-05
Bz862mWgwUchoTXUD39GP7sNF5FmmoFAHSEBm6YDHH8z,34604230571419,37,309695013036,185000,8370135487,5.973618954545289e-05
BAwBLxcg8Ty5JfCChrq1sPL11mTC6bXtxCE7XvvzTmJJ,2275869361213746,5,177164352000,25000,35432870400,1.4111190946585011e-05
8hpJrHNYsJma8poKbD8mHANEPDn7hJvWQb8SUnXmzkF9,970964001712130,7,169225011910,35000,24175001701,2.0682521812209574e-05
5MKcrWsufunCsyq8TddAi1RFWPw8kxRhhHKKTvc7xqAU,77935728882836,24,400582506203,120000,16690937758,2.9956375563537103e-05
DENdLyaFmsrJyiatuhn6Ky7tXMjBnUkxZcm8UBAH8TrR,773215385951972,16,376623116120,80000,23538944757,2.124139400262153e-05
7QVMY4zRpGzCKQworEw7gEy6DDhVvf18XbvhZCLbDdbN,41207485154972,8,176523664931,40000,22065458116,2.2659851309814636e-05
6gC9b1XWzwptq2vJWk4rNpKwvR4VWA3Nva4gP85XxPb7,1123837951769715,10,391074914470,50000,39107491447,1.2785274163586267e-05
8UYAjFvQR444QWdMUJxLn24CxX1AbCUwd7eF7YvzbYKj,2538414519750743,4,152007105000,20000,38001776250,1.3157279720576218e-05
6nkmQs4UBTrS8yeg31px8ZacaKUVdKDGzgYyfi1kPHQC,745091763939125,12,1032720596804,60000,86060049733,5.8098967122069894e-06
64SMhhECufd9urzs5NNd5NV1w8g8U1GvzYpvhrDhGwKC,39202715333725,8,251589985000,40000,31448748125,1.5898884051366356e-05
DKhaQKzK977qJ4bd6GFNciaVijR6qANi7ri4yDKhrHbC,1122078905742022,21,656190375190,105000,31247160723,1.600145384174482e-05
EPr7j9FuUdEWysExuQYmXQq4sq9LYviCmU5nmLmXpgL3,41450497091784,6,270495509598,30000,45082584933,1.1090757123689353e-05
5Lia84u5LXBe2wFAhP1swcVDPJadu4TavwxG67a6Z1fM,67822040948814,7,168222091000,35000,24031727285,2.080582864708298e-05
4UyfTUfM5J4w7kAASR8rGHogij9dUdVRZke7pi3U3vKj,1066550552472236,3,6591254430,15000,2197084810,0.0002275742828516483
9s6m1nHZPYySaZZTqM96ij8EkBQGQ4gKYkkuUkrvxMvT,2088251900814139,34,476241948240,170000,14007116124,3.569614155751128e-05
BYjdn39iweQMCfQNWMrXFBVE5axNX5fW36TProCXHGMk,1185262002005354,3,126711117000,15000,42237039000,1.1837951045763411e-05
47wp5jeuohgsRWHBNTgsWvPSnpAEcyfKkbAneTfKWrB5,5428359868229,6,127910939510,30000,21318489918,2.3453818817158026e-05
XPjtfd3EdwvRW4N842jFxaqbVXzQHXq1SVvJFRJmDEJ,3641271663328614,9,587866423749,45000,65318491527,7.654800169232585e-06
75EDfQyCqVBBcbzPpKJ4ijHDYx67MdmM6u5yC1NgpaKb,2159768081999235,7,176285453779,35000,25183636254,1.9854162240679086e-05
MZxW3Y2KL4bPYC3cJi6udZVW4iDQ6tAuwtteRd1nUwH,7057921356456,6,246034572162,30000,41005762027,1.219340832321999e-05
G2UbpTaW7ESX7XXLf89XHEdRXVdP9u5tXDA5qwEgu4j1,1125927445744766,17,344274715582,85000,20251453857,2.46895854249147e-05
CyAevKxHUqWkofyeJU21jbgjJvh8bqQTKsZ33rbvrq5S,2558618003098308,8,251968401180,40000,31496050147,1.587500647409553e-05
3z5L6Bmdg6cBnJfjvQhdLc7sg2LnLNFEqkYTFUpv8Zd9,4504680947139370,4,122105098510,20000,30526274627,1.6379332430874756e-05
FWaKpg134hoUbs1TUCXSdA5G9UamvXH4XuN37NutweqC,28287125274269,7,141413898273,35000,20201985467,2.4750042554114717e-05
7Huaj4YoJ4Z37MWHfdsTLUgUQdTM48rUGGBGr7Ba1R6j,863923013730331,17,272563848906,85000,16033167582,3.118535357537978e-05
EbkRhQEnb6mgyN3UYSZ3K46oTdxtf5fnQudSdaK9AJJ,1152027979573781,6,122032034280,30000,20338672380,2.458370884088158e-05
DfhJnBS7MzUXC4AtyKMkRDAtsQKaTpUfEtMyJef96zfN,1840104714169859,5,155466426610,25000,31093285322,1.6080642325892333e-05
5WxJvngVgsYXAuxFg6aUAsnWwmavwUMBeTW3xkWkkXCR,435963373761143,12,301147352425,60000,25095612702,1.9923801261026477e-05
GBgjNy3RKh97uHkBaq8ct8joVdw5En55bPhJeNVFzU9h,615615639243862,9,378693602396,45000,42077066932,1.1882957545436294e-05
HRE4vm6qpqVVaZgrmiySUJH7akncS49JwFzQhzWfSRk2,397058809205220,3,134351851100,15000,44783950366,1.116471405283079e-05
HQfQTMsab1jA4AXxaXHiemTkJeShugQxLPYABazRrbWU,741223284913271,13,432751088549,65000,33288545273,1.5020181744185287e-05
C4rToh1wTVktEYwsjE3TiNkq7FBdYyWboZFDRrzMntxw,32540011242678,1,644995000,5000,644995000,0.0007751998077504477
4wBLY3jFYR39dL16RiWynJf7yG1wu5gstPBhPrHJ8cGu,2503409307335114,9,180149019740,45000,20016557748,2.497931993465534e-05
4ypPpuN2Adv1QZmh1eTM5PHT2am96iCLStsGfTSSatgG,5943510528109,6,261584978232,30000,43597496372,1.1468548462822268e-05
7cCUXzLZ6h9vqtaoF2qrbCDSy3q2pNkTvSMf9ws9ASpM,25448562591191,3,148028978000,15000,49342992666,1.0133151091538308e-05
71cx6PXNxchsQLKqkV1zecss9FSxx6WvUA34pX9oHtT4,2052644731479185,6,125429724160,30000,20904954026,2.3917775631660927e-05
GM41jAfW3JJw2JXytnzjtVtVrrHKNXnAMy2hGL4tq4Et,371040562839663,4,142689700980,20000,35672425245,1.4016428559762196e-05
4p9vNLB6tKBmdEpVSe3QyyPqBBm3zrGLYDwahXQchqqU,28822552592484,4,122742969998,20000,30685742499,1.6294212206471687e-05
2FYJNn1CJv8sq8ReXsi21eVmi71rcdB3muoGzvDFMTCr,160975253044864,22,246870524700,110000,11221387486,4.4557769759542295e-05
96NL8PNi3xfC9Kq5MH2PCW5761TvPmM79kAacmzSQuq2,2931397516793219,33,802510503915,200000,24318500118,2.4921792178957388e-05
EuHR4Rd7bidTw98D3XJKApX3mDVzUaHk4xKbtt9oJ3xB,400564629115555,3,113808328070,15000,37936109356,1.3180054794209755e-05
9AgMoTTenXvAPJErLKfSDYMekTLhh7fsVv6StBByBgch,49910318694623,6,178721689799,30000,29786948299,1.6785875309113073e-05
37LPBrEwk5hy66ot9mpVJC2qHs9puFXzABULCRwvT2n7,1077843195369069,6,137514175000,30000,22919029166,2.1815932793837435e-05
37hfH3q82wpzkw4nC6gP6YitwfFLaecbDNWhvPAmxFpB,68189342080994,6,259679465540,30000,43279910923,1.1552703998991756e-05
dxB3vR9wDHAT2pKcuWjfscosw2sEbW1HjoxwXEaHYRt,2361271156868721,7,125192560200,35000,17884651457,2.7956932859337755e-05
4b5h5CRkPRctTRzidTeBy1aZLmc9PcuBQpg8LycKqj6W,2663926736326789,2,580000000,10000,290000000,0.0017241379310344827
HANngVJ82riUp1o4J8mN4rcTRFhJ6vmUuTr8bFrB1hmM,1123296553718402,10,204818891140,50000,20481889114,2.4411810708331325e-05
GyqoxWGoSNwJCVXPT7n2tmUPUU4LxjwoTAjY5GkNd9UJ,1243802250657060,3,126527301000,15000,42175767000,1.1855148953189161e-05
4fzm2J1a2ZAxY6dboe5s4bTh36vq2izwbjME9mv7K96z,63155391566364,12,250199579040,60000,20849964920,2.398085569536776e-05
BycWHoW4m5mm2633Nk3vSpnhTf4NB3eRqqqoR4JpKQsU,1122166320700819,9,179377853608,45000,19930872623,2.5086708919117687e-05
2YEmHhUYPfdGdxofrihqEfWUwmmNxMoMV5MVSRdDCwAx,1084781155529038,1,5000000000,5000,5000000000,9.999999999999999e-05
5eG2sEwQiRVBDEwyPF36bN74RZ8aMoawKj2D47koGBBa,2635454905146200,31,247538292169,155000,7985106199,6.261657485064088e-05
HgEHpF9FbMDBKCtmRwEEGkGdU9ABcX5GvsUxHwKXqQDv,98834000701480,31,443122457314,155000,14294272816,3.497904415396528e-05
9EBSLQBN4TMQ4kf1Pti3jwmCJiAgct2E9vLbyo4umHLi,44577824662466,13,185693653452,65000,14284127188,3.500388881992774e-05
WSZxLNsACsnBoyi2xaMPTr9HzYPLpfViYyViWP5UP8R,33447661351151,7,172334949998,35000,24619278571,2.0309287234194913e-05
5PgBK2WoZeJF8UkBRkBRGV9z21XqodFmnmghby42hoir,393887986485974,17,353532522980,85000,20796030763,2.4043049641803e-05
Ae9hn9GUaZyS9hk1HdmpCWM6SQK3qKhFo7XHQojXiQB1,1054684939723723,3,102151409624,15000,34050469874,1.4684085178278166e-05
DyfpnTe62tZXFbLZytyUKLzkfviVdBpBuwMBEuLatB9h,2630078812287774,11,102779975000,55000,9343634090,5.351236950583029e-05
DrAASrMMBiq2uBGrx9tHeEAQnx9pwHtprW2K1JbH9bW,3933220810928260,9,248924995260,45000,27658332806,1.8077734601540472e-05
214CSRgJ1MHzhcDiGqLZYYLLRpk14kdxLgJUeda8tcHm,2231736627041982,3,113154928350,15000,37718309450,1.3256161458211907e-05
HQw8enF6sfnExwEKjk5F5yPQhgMoZzpb4RFzmHJ5Sdym,1188917218998236,3,100257504280,15000,33419168093,1.4961473565218493e-05
A15qQHGZB4Fvp9sm3FMALa9iVWoZ6mdbFAWh3AcxSTKw,1091174311541011,24,1803388866696,120000,75141202779,6.654138894616376e-06
E93GtERmFfLcZpxrLK58VRwfH4FXyChAVaWd71vn5BNH,595082525463577,5,122357063210,25000,24471412642,2.0432003959667447e-05
Dc2wkLkYrn54zVVaJW7rJ4K1hYE7fYt4hYhG6XEhTnet,6022481449420,4,107370675000,20000,26842668750,1.86270599490969e-05
Hs1BAuYuh2AA7iTjjLZgsdGUjh55DQfzYGoUAmvLLQzN,732211117763071,6,136581925474,30000,22763654245,2.196483897549889e-05
7GgDH2oNaLe93qvSWxDsm4UQdFuykVg4znLVquLNb8Gz,36697399465302,6,116373685042,30000,19395614173,2.5779023831008542e-05
9DND7VM7WA7NBzZeWRGL9pM3K6KAHKWa3YXfCBCB7Prn,47909280747062,5,104021486677,25000,20804297335,2.40334961541438e-05
DP35EFFquJUUQb1nuAdQsVzGqLzJAUe2fvhZ2rT8VQy9,2665284241862393,1,81950000,5000,81950000,0.006101281269066504
6zLy8gR7eC68eVuECowMXcGiepS3ZntV5F6u2Xu7qPT4,1486138318094223,11,133182496080,55000,12107499643,4.129671812650412e-05
82sckzdZ7LsVoHxxvcoW7n4BUjaWbK9QwBoACBTUfAYo,38705656014322,9,177077042438,45000,19675226937,2.541266749231813e-05
6s3SGVibwMyDVYJgUCfNme65i9qhKaceK7orgDNXE6kq,443131835408866,10,245411582770,50000,24541158277,2.037393648483986e-05
CHEfMQd7VHMi9Hn3EZPUHXyjXkUYKXdSsduSoiWSqDAS,1131275593148061,17,167596393769,115000,9858611398,6.861722821942446e-05
DDodtRPuTqj5Xe9sAp8WrY18SeiNpvqfesdQGz6XwqEE,3044948694183183,45,472814940002,225000,10506998666,4.758732877583104e-05
8zKwNXd5k1BFYRCB7qznuP2NoQskou1UpZ5ESeFnTEMU,449111976677374,22,213325109660,110000,9696595893,5.156448773204395e-05
9avbregkKViL6BAidugSG3rGBUbuo6VZSXuTd9TJMWQ8,102718878930755,12,205623016238,60000,17135251353,2.9179612816569387e-05
9PxH88TGtnw4uAVZDmRnm2inuAMiuERPpmMR4Jx2peZH,327840162140783,7,144387693648,35000,20626813378,2.4240293002619622e-05
Li34EPjUTJXq4dCytg1v6qzXn591DbkBTpB9LS6oiuh,1462168458232339,37,309911546046,185000,8375987730,5.9694452291409804e-05
CPFXZUmbsiDNvcayaag5rQKbJZSwSCQx7z3xYVFRMWhM,1103633719328168,1,18422894220,5000,18422894220,2.7140143889943046e-05
HLjZ5WZgEPRBKiK4V3Ae89PrjunVHQoDMiJ3z7e5e5ZW,7512716530556,6,97531735710,30000,16255289285,3.075921881386561e-05
GGGbrYZT6yMiQ58VaY7YLkpdw9Eic6jjwHb1gA9grn5m,3060856020812804,44,1824534193523,265000,41466686216,1.4524255064154785e-05
CnNTUxhjF4UHyczSvQGJyoyR1urbfFQANByPEcDsjKgQ,42191989821596,8,137479885000,40000,17184985625,2.9095165449112793e-05
CTbmkhRJYtyp6KbqDguYVp8REmMM7AqPACAKsqcV9UQm,700908536862407,16,196688068129,80000,12293004258,4.0673539966609025e-05
DXAKorbmWEMhDoGDjz9trUexDyX6yeR7aehiak3wiyeH,1089638472344437,27,528054712348,135000,19557581938,2.5565532669848036e-05
54rPbkr3KrxcFWQ4ENMrB64ymWVA4v5xvPazyiCqTEmz,2740909992738075,5,135288974136,25000,27057794827,1.8478963389040565e-05
3ZNM35iowTC6oTsYgSSuTbja5KeeQVgLqX7KvVH5dK7P,2461515673186537,23,199853819456,115000,8689296498,5.754205764644819e-05
BtyJb81afsik6THZfvuqu53MmWzUB3hyvSSWnEDUvsXL,7218574093726,3,100572041218,15000,33524013739,1.4914681872157684e-05
ADngXJfvQ2dAaESNPji9H9yzbS6gARAVWskWke4HVc3K,34571227613518,1,647151756,5000,647151756,0.0007726163073256035
CwoF8mrx4WmBnxMRCssk25fBS296pUJf6rx8nkagNngr,2427442523421576,3,83972034280,15000,27990678093,1.7863089930611123e-05
3whkkYRJUF1jLwaTNA2DbE9gmWJm5GiDoBNACYaMkSUD,27874686108380,20,210360914258,100000,10518045712,4.7537348063316385e-05
3kWJZYSN6hGuAcLoUTy7E5LZ1hJq71aoUVZiKYN5BuPd,3139748983183968,5,111523900830,25000,22304780166,2.2416719478014337e-05
4nUhHb1msBgT7wYc1UvjS8KbMhnvq648U5nh13m2zpXW,1082815792536836,1,1190082970,5000,1190082970,0.00042013877402178104
CBckx63DZN8MK14aNMDpP8C4LppwQ3aaiTyUJxqGBmnN,66719445010596,12,312684138062,60000,26057011505,1.918869321989816e-05
C9cqPWvJL4TkHLL8kfFMgXKqLpp8HtDergMX8VYKswa8,2099507433994615,3,92368407680,15000,30789469226,1.623931859036243e-05
86srJ7KfFxkBt43XTDmERwf3pWFxBo9zyZ9jTDi5ozLh,2330554935239188,6,157742571180,30000,26290428530,1.901832826457926e-05
7pU55vE65f4jAZLtqoUJZfJmxxey1zJ1Z4KHKBpY1XQ7,1878457970584955,4,92726824650,20000,23181706162,2.156873167553247e-05
AKncy9E2EQNgc3g8FoAdqwaPjFRVsqCXd7mvdTorQaJm,2168354162873365,5,170230262000,25000,34046052400,1.4685990438057365e-05
28jECZJDVurekNGSdq9nP1mjXX5ZrmyXVrWUXZfvCF56,27993896237602,5,124989965000,25000,24997993000,2.0001605728907916e-05
GbeqDAkxNXSmATgwdA4HjuMUfHfzzsfoYP8kCVeWWDhr,1151421552059934,13,1342161745506,65000,103243211192,4.84293344059622e-06
98gxDz9haWV6KTJbYmzTCWdLdcUvv28LDrAJF2eeQxnf,629481706383342,15,1426965353900,75000,95131023593,5.255908967587724e-06
AjTp81P83vcVrPuZEZHwmAoQMRRahUBvwmnj1YRfepFm,2064014504584649,34,188962914117,170000,5557732768,8.996474297318533e-05
8u53sRxXCMWCavdKq54WdDznUAGgv5ShTjbTgEzuyHUC,753514407163033,14,119070566350,70000,8505040453,5.878866805272402e-05
2VQxTMa7VZeFFwV6dzgzBqRBCP5EZgVTchPzG4A6QHSw,2313663752863627,4,97048976740,20000,24262244185,2.060815133948418e-05
7VSNDFZcaj3cdT8nKu3DMiBrRtKWRxm31KH33JnfCfL2,1158765086320024,13,1026928816155,65000,78994524319,6.329552640597944e-06
6GZMye4nViRj3R7Fp2fhjLgXchUdqnBr27ZAZZkmJiok,430169521353540,7,111395763600,35000,15913680514,3.141950723160176e-05
Cq1U7emwFrMZjuhdujXUR17ccNc96a5L42hMUnkwD8Am,193706780360976,6,82558990000,30000,13759831666,3.633765383999974e-05
BWxzVaH3t8bXQGSe1EzbbugH8vGM3Kk1Pt4bgcohkcBL,26024309105089,5,90401030144,25000,18080206028,2.7654552122002865e-05
3gQvCLffGr3vaajjxBbwBGbzuGR4LbCrubu5RBv2HSvJ,14929455565409,3,80039995000,15000,26679998333,1.8740630855861497e-05
DQEZi1S4Zc2Sb11iYzuEmqDtVnuX8z3eiPqH1G2Xng4h,4121250008887777,19,302348367326,95000,15913071964,3.1420708780467295e-05
EQiggHZaMAoBMdrrZSBnp1K8nND516BRbrA3vBJGsQCR,22345704284850,6,79490984994,30000,13248497499,3.774012864762515e-05
HEHh5DxfkAHtnFnMrcmDNBF6iiGzAmbcPyKMqEAuRVJq,44103438129809,6,103915616333,30000,17319269388,2.8869578085226675e-05
GjqBsoa26ErTKJnR3z5wBeL45bzebemEpGiBuiUJwKrs,8535036579550,5,83049995000,25000,16609999000,3.01023497954455e-05
CMik539KFDhfrVZB7amEEy8gJW7yP2ujwSzZ1w6ZkwoW,924102332964347,14,85866445530,70000,6133317537,8.15219490779357e-05
AQNQ2pmhQSqaBgPrFcgVgTCdAaNaFuXj9kPvgfmxC225,1173052698002906,7,128383592470,35000,18340513210,2.7262050645746353e-05
ArGJ1Zta19JX4s3oBmdwDEWRhZ7oqz1ZcZXDpKnMPhm7,918423312088439,4,94189408820,20000,23547352205,2.1233809884316035e-05
41An49PjjZvTiKT3cxu4CMcVLG7XAi74socj5y41eXxF,1127053665983982,16,213330010976,80000,13333125686,3.750058401722022e-05
6xp7Go38FmTiALcrRwcDKWHSMrsmg55wbsGFEs7bcVS4,393999122150674,56,303950859506,280000,5427693919,9.212015404564854e-05
AgWNpnLJfLTrwH13f2ceKwTrcVrDL43j2AkgbK3D2qWn,55407654885993,7,237880254526,35000,33982893503,1.4713285081076179e-05
AC59ppJDu37upTedY4V1i5zG9ENyoqKJzencPzHka6Zs,443531223024215,5,80915311740,25000,16183062348,3.0896500875298984e-05
CUpAim74EJzcD8SHKbgqFEaxmfToynXDuMnksgCFTZG7,2651644842880032,7,103854990000,35000,14836427142,3.370083613700218e-05
FB8qmu6u8k7pnjTo1h4KdsaDZEKdDT5bFLq5CVHirYjB,3071189805635202,3,80089995000,15000,26696665000,1.872893112304477e-05
A3wEEpXytQSUm1AA4PEvShKxevgoXsHByzyptno4VLs3,436529592834069,5,81554913040,25000,16310982608,3.065419245525812e-05
7QA3AWh8Z8UD6qysLbbCo4Cw2GgyWPjeodBHyC4DtYxU,1085696331033486,1,7093650560,5000,7093650560,7.048556956264843e-05
HLy6kag8d4YxXvuLT62rv7GJVkncfFp38xMGtuhSXoAs,3918611613240314,3,72804644320,15000,24268214773,2.0603081218376868e-05
Hrk5j2gkmNnwLKo1vLYwowUHLgDPvJUYwkZZERsKcgxG,1148774028857227,83,601243357008,415000,7243895867,6.902363163980507e-05
4BTgyKPTaFMBXJeBe6UZJmcMhMGMRNUyY8yAV17eyFDQ,1104899042979530,3,71916888180,15000,23972296060,2.0857409684435543e-05
5xAQ4uvRgh4fixvfJRcFcF4sirNAiZhYQc8SD1Y2hw8b,49781805097245,4,77659143669,20000,19414785917,2.5753567519678437e-05
AJTnGG5x5HGcU6T8Z5fPeqFboj9bYYNbrnrPcCy3v3vb,2677120091826686,6,97994933600,30000,16332488933,3.061382757036737e-05
CJAFAPJLJootSxxMnoKxC1vmfsA5BEpkp6PXxoKEdNvJ,57917801386129,3,74535375000,15000,24845125000,2.0124672345178378e-05
35pz4tbtDhBCADDSm6CDSSieWmP2dEoyuY2ggNu5fq8Q,2331056958101629,6,147216151850,30000,24536025308,2.0378198739067233e-05
FL7DKqk4zGXz5CEbJ6g5FAuZR2Nro6MW3Vg8bVu2nqTf,1110964427291509,2,24611917748,10000,12305958874,4.063072249139389e-05
GYi9cPHWhmPRVFV4uHtDsdKZfCn7YXB4a1Adn9VCjxkp,592905778956850,3,79340338200,15000,26446779400,1.890589369834574e-05
9312CW8FCyfqJabKLZBqYKDyspu8nwd8nRfxUa1t7XjZ,70065264223720,3,82501568643,15000,27500522881,1.8181472481944988e-05
9KgADnctYLCByssKpfWMwiCnJJg6yWcWijV1yfNVmF6x,78907888354842,5,92544425000,25000,18508885000,2.7014052980500987e-05
FB1Qwj9DiRgJLPZg8Vr5Ja8aHPRRWK8XZisFLzU5AnUk,858052862919592,3,73105709750,15000,24368569916,2.0518233187661515e-05
8CUCYrYdvUu2fw1UVtmiPk9SnXc4e5keimxmumnSEyW3,1099555994708318,8,321724904200,40000,40215613025,1.243298217757306e-05
DnrgVPpnmHvNiUxu9zCKpDf4ZyEPFTm7RkUiPbfqUFVK,52720615622536,6,109512809100,40000,18252134850,3.652540769315358e-05
94v9dWkbNorR4h5bhdvM52SF9B7UYWmeHeEcv8ZmE46t,2338787921372804,6,119019779000,30000,19836629833,2.5205894559760523e-05
3s5cbR3iQb3FCy5TY28q98A3eyU54Qg2qcMKtkw37DTV,2645238477839675,8,195539984998,40000,24442498124,2.0456174219512764e-05
7nMtdrLDVbJWKkd8HNxYCC3w7BcVbE5s4VWmehpFRLSJ,38865876162569,12,139576314210,60000,11631359517,4.2987236294065485e-05
4hXecTSgP4iYkwfkhJhSpDW8Nb4y9jmcXWSstNK1XJs7,60670619253915,6,105099308658,30000,17516551443,2.8544431341239314e-05
D8y5GMNKXGrdeENpPxgEz97MG6VVmjM9Pay9N1ZzRhwx,2358862108322123,7,110584204439,35000,15797743491,3.165008979135583e-05
Cyn8Q4WRtuTVoVN7QxSrfUps6wg6zBsLxi5DdLwQsbF5,1125297038504236,8,68554169780,40000,8569271222,5.8348018987562165e-05
B64JABXKsXceb9fFHpxTkBeQbE55jwETFGuLXRwQZH3v,510775349096180,3,69389161850,15000,23129720616,2.161720879757247e-05
9BmRuoUHHqwpDbGeLPmub6M9z59t3fpnggBY18B2RCrx,64611405776014,4,80846806711,20000,20211701677,2.4738144663515578e-05
Bnr8K3PCgNWiQJJyD9qW9wTarKNyUvyskzLUGSghVxmo,54996559614870,6,69596652143,35000,11599442023,5.028977533012023e-05
4TMkxeU6cTZPuxusV1hb4mYBMbfJmVPFjYk9e9k7xCWn,443616503123470,3,65876498890,15000,21958832963,2.2769880386398293e-05
2jrWSoL5Xa5dHge4838stwJRYn5uV6EsDNFSNoENaetA,52137115371499,4,69936831714,20000,17484207928,2.8597234832981986e-05
3v3RvvzG4V9R7PazMHMkCroSmxRGW2spg6QDfv5d735A,1107247448473710,5,109693097180,25000,21938619436,2.2790859810418562e-05
CjvEgQ43sCmZgcjJ1j7HunbDHnLQ4uMV9kBrn1BMKt3X,7553002040380,11,225248566320,55000,20477142392,2.441746950871336e-05
9ihNoqoSYJ1h1dSeUzdGHjmwRhkxnkUEKEgJhUZXhdBx,1086429913437394,1,1146760260,5000,1146760260,0.0004360109235037496
C26GJ5j4u3A75EWKGjaonYu2NgCp9DFkXXMnsi8GL73m,61487313099907,89,1197246663055,445000,13452209697,3.716861476686005e-05
CwF1KhMdBA8RhfWtN7pkrMd51rELdA17N3GWux3GMhcG,11947944294294,8,75663305946,40000,9457913243,5.286578414713669e-05
A7CseKCn9hUwoXWj2CBunERrimohdgVyWjbDbB3B8HWX,1135781957957962,19,271900782574,95000,14310567503,3.493921536402529e-05
HDU7SnViJjEkHKtj4NBjdh3VeCajB9tivv3ArLMuJFHo,1077802214584649,22,143938108588,110000,6542641299,7.64217350631288e-05
EZFrDqgNnWa3DMqJFTYSrGXQkgj6Cjf8kKhjwXwBs8JT,4106935454777287,12,318840713700,60000,26570059475,1.8818173910015307e-05
CQr2BUXDyapwKARKHyuku4JkiedhBn5nt7vXUY1k78UZ,75562135735507,5,82983129490,25000,16596625898,3.0126605436123808e-05
Hz186CbKpPwU2zmAk3ZaF3ocneqocjbuzn911jfiCTmh,31718998017977,5,65218081620,25000,13043616324,3.833292758542811e-05
ERrDrwBQofSMSefsp1M6iCkVfmmkWyB8WnxorHR4GzSc,59092044564414,24,969149858190,120000,40381244091,1.2381986024753072e-05
DYh1fZLqCgNRhWGoRG7QsQSUodyoReXYNLCVgtT8GmfM,3701537121653563,8,201908007000,40000,25238500875,1.9811002344250767e-05
GnFBQxYwk5ep4JQj62t31UPC3Ggpta51Jr8MnPo22q47,3803322329486103,3,63757538880,15000,21252512960,2.352662957745586e-05
DMt8vGCK7YDZn7rNwq7srYFSrqU9DtN4oiC2dyN5wNLT,28630811841396,3,70283573766,15000,23427857922,2.1342113379067128e-05
BggnKrrprwjSJfDtE9dT1uKCTUL5TFWrmkF3iuKn7PTK,389079809438240,15,149169317513,75000,9944621167,5.0278436108996614e-05
BW6KLxtPKUu4QjMZkUEgbD343A2u1ueWNV7fCzgjjYE2,180420047931645,4,61753735105,20000,15438433776,3.238670497581071e-05
9KwHbpnubWxAqxhtWzkCr1hJ5NRzLwTwSrbBg3MDty7Q,38231516138764,8,176002460980,40000,22000307622,2.2726954939877454e-05
9wUeL4L9mrNYoPtbHPhsV6nSPu42EXtmrxL57ESNjb8A,24819978481153,3,65009675000,15000,21669891666,2.307348867687771e-05
9ui5d5TFrx87vhEkq33vgKckzR1gzC9G4ub2PxVV3k5R,31242630191146,7,142085835491,35000,20297976498,2.4632997285796985e-05
Byf8fs3FGnH358MX1CZ3iZUYCvCafCpenKa7PQsyoY1h,3422809779206692,5,68575974998,25000,13715194999,3.6455916231200673e-05
s4zmgZebTuojvz4jEYvW5w9pr94hQizxPN9Ucgr9g38,405828890642205,31,1056611294804,155000,34084235316,1.4669538435016662e-05
FWJVp4TirYN1iypAbfbBEPfZhHf13mAs364KhjjyT2rJ,2270889870948234,4,75546470440,20000,18886617610,2.6473771552152475e-05
CFX56MoQDbzzxfG9s8ovdRRnYa3E8cjQVrwySMXHZQj9,29670952453676,5,124433650612,25000,24886730122,2.0091028332804596e-05
4JuR4nERpNPiwZdgBjXceePQTk8u3icqFsLQYXhfPVMx,41854358527217,8,254271680840,40000,31783960105,1.573120524781127e-05
2LacmoPrS3axPrqFzXDmsecB8sRDBQ253DFNvBMJkXhP,868564786777278,5,118065584080,25000,23613116816,2.1174671852773167e-05
7NuUFgzMKbmbNT7yoUnCDYwTjkFZcP8TmTkS69fMLHZt,5048198900315,8,198969999990,60000,24871249998,3.0155299795454356e-05
8fptZgSMPdJwLuboZtUndnWB5h1gxMmamNrA1Ee5HLzQ,36615193609941,27,134347368388,135000,4975828458,0.00010048577923023781
CFVZT5i5ZXuZopNCs2TpstBb5jW272G9tpuQN2qKiagj,890196847781217,9,150755091283,45000,16750565698,2.9849738152806553e-05
5FkQUWdwEzMrmFCJ1mRoBq4Yy2LCwM5teqZKNh7EX1HY,43876880774323,4,62989995000,20000,15747498750,3.175107411899302e-05
B1nQwkbm8PMgvTYm2fdd5KJMcxV9BpwnAsKnnj8L7uD3,1482974404631716,4,58407854280,20000,14601963570,3.424197010238124e-05
H18NzXs9TuBoqQ3XuX5bmynpWGsvbaZf7nD7XUMx3qoE,20026299837395,20,241213843501,100000,12060692175,4.145699042334833e-05
4Gznz7yTAtgApye1Py5HbEATA9DxWk5vABETWzGfcXRW,4386027567298944,10,159592774850,50000,15959277485,3.1329739110680046e-05
G3b7MkG8o1YiAmDD2dLn9afRLYU16MrdfsBYT3egV72r,123164344751457,21,89275898375,105000,4251233255,0.00011761293015383783
Fd7Dex8Y4HtzBQCS3moGEgXaL25SUGVzVipxtdtWDnpv,34806643417594,9,66051037215,45000,7339004135,6.812913452596114e-05
97pZA7ApcWfte9tukcfumigEBmkzzMMicqJg1WEyqSh3,1124481149317600,8,61159426541,40000,7644928317,6.540283691702838e-05
AagRz4KHKpqvdfUsRvDcjC1dPuh3hDmf8UEy1SRFMM8T,1922934203073248,3,82162914240,15000,27387638080,1.8256411835861386e-05
HV4cBc4FUF7QLV7Y3UsP7HNWkMqnKGqYeGxZozmf86wU,2220885866040512,4,90657852120,20000,22664463030,2.2060968280526697e-05
HYBwR9KpVivV4KSJuh7Gx5cextTYGkqcv18PfZd7aNci,39002448866545,5,64018281023,25000,12803656204,3.905134533527726e-05
2wRGxFVuHY1omY66HwsqiGD79SsZPC2EweYnGoMvK8WN,42604996867582,3,64813565319,15000,21604521773,2.3143303297963725e-05
64CDd3ykSt3fYGWnDAcHRecYfKr6o8hkU7wDdRaLDoVb,74842932665943,4,59864836820,25000,14966209205,4.1760741911264764e-05
EH9wN4vpCXSJfqYXtqTqrZEegJDYPAYL2xtZf7Sza6Tm,1136168516589075,3,58753075040,15000,19584358346,2.553057859488677e-05
5ZVm1JfmbwSbXrQFVrLf6WkfLuPF3mCB3t3KXizA7nPx,1115356470270216,9,114103403330,45000,12678155925,3.943791218028343e-05
FqrS34c5FCMzWLseDVAnS3746mQZkDrTmAHcGP95i5VZ,473210351140266,5,81979369170,25000,16395873834,3.049547740256172e-05
BLgDjaNZNRe6M4w3iuZx8BXBRWSqXWNzDAzdqGpe5rgb,39288120463732,4,57645532348,20000,14411383087,3.469479625803802e-05
Fm94P4SDBMzVMrTYGta6cjh2uSkrnmPYfLBaKD2Rcpmv,82617296958781,17,92290227403,85000,5428836906,9.210075908561146e-05
3sAyv4Wa7ARZTXcKSgCXaVvbzqGSaWC39ULUG46XyXPf,7855846516568,7,161171296620,35000,23024470945,2.1716025578996796e-05
Ha3fiBTSbisinNrurt3Qcq9gvESdePta18wWdfoM5tKY,1087283380786610,1,4935050000,5000,4935050000,0.00010131609608818552
5YwpPLsdY5Toq952GkfbyedCXDRiSCPYSdoaJDaDGycu,3148799144660612,12,72277550000,60000,6023129166,8.301332848166547e-05
HfCTt7e7BVsxSURwWdGA89nN1fYBBbGimsuu4AHSgm9u,40939927963084,5,106165635771,25000,21233127154,2.354810934672418e-05
6WYx926L9mTYtVVT4majaUJ54z91PKF7VxHTHZhCjjo,690466935173075,8,99275881100,40000,12409485137,4.0291760251121054e-05
CY3u74EqFQb86gNt9FNncnJpuWB6uThq93zTgeAGXEPa,17640011010247,4,65014677134,20000,16253669283,3.0762284581954527e-05
6VRoXeavuVLWiWJRc92YwLFTQi9eoyyJNrRJnWBwGjKN,738800565131637,20,78187884820,100000,3909394241,0.00012789705237609982
6Ty4fZmr65aVrGoZyTz1Lf8vcqTFPEExWZSHwq4nsACD,444589971625759,9,75621316300,45000,8402368477,5.950703082379432e-05
FqqnMD4H7Uo6Y2SM92yshsGTwfHYwtZRyKSx5mAoGb4h,2903448221691830,4,70931650000,20000,17732912500,2.8196157850550494e-05
EvEoDJVazthFbgCgL5jm89SvcBCcfsqCLgeJziBKsisZ,1185053419663315,4,55845029230,20000,13961257307,3.581339337764368e-05
Djeg57UVjM91MsMaNXU2gVUZX71NiVdx7eX4vN9UXvxW,40341367128740,11,106007340900,55000,9637030990,5.1883199345489854e-05
EEnPthk2QMKCSvnCHF8uCZQ6VzzKiQEALvZ7hm5xFvXD,1525666902171412,6,71779176000,30000,11963196000,4.1794851476144e-05
9cjevRuG5m4Q1cnwpWtkZgXZ5T6cDGPFPLmYtpZTr1ji,51661036607906,23,181161533666,115000,7876588420,6.347925946134941e-05
CsNg9enXyx438GyB1zbYB6dZ7grsbJ2NUf5FwqN4mCQJ,686544812408991,8,246594290760,40000,30824286345,1.622097570739395e-05
RorRPB9UQrwprRkRvD5Q9QhKhreD1dTeyRu8umWsRZb,30889761866592,1,177995000,5000,177995000,0.002809067670440181
HtX3JAASR3gWKWsGgs5PFqJPpRMeVDSK9Fi12LFzBVKd,2692561546776971,27,182201499220,135000,6748203674,7.409379208070822e-05
AmLMbtDabJykf2MLLzyFUMwSq44LA9ibwmCSQTiR188y,1847987722959321,5,150570864630,25000,30114172926,1.6603477745467468e-05
Dj1C7Bcgs9oz9TE3HDYPJ4STbu1tp1k4iwn12dM7d5hm,2678331150920185,5,108359970000,25000,21671994000,2.3071250388865925e-05
7SLkoB2cqEA3cJVCeJRvX39derBByhDXRA1Yi7wPaLJ4,2644835343349014,4,53783320560,20000,13445830140,3.718624992238671e-05
3TXRVq8kgkv6P3MmtuyEaAXCFNax9oCxyBR9pzmS1Bif,9096408896411,11,194047799850,55000,17640709077,2.8343531873340126e-05
Buaivh7A2NCUFJ4m8pB1DqXCLJUFAvgUsN2ZEF1n2dsQ,1137127131609625,9,77333127458,45000,8592569717,5.8189810084222604e-05
Q3yTVnyL1E11AjMmJU5fK8xzMjPpPjVUWajhryHPh22,33755326673015,17,166499696002,85000,9794099764,5.1051144260935455e-05
7PfZ3qNpjzEuGxecAR5FgqK1ScGfeauUnccGfBpyHD1h,1187175309094585,5,83739248704,25000,16747849740,2.9854578810910462e-05
32PyUR5FvSsSBLcgeup9Y1SeW8Y2WnzXryxdMGwyn41o,710442715566365,8,102948848360,40000,12868606045,3.885424716955037e-05
5z1bE4bxLmn9Ktz49AZnYjRPjvsj2DxhJNAAm4bGn3ps,56877942797433,3,111855162295,15000,37285054098,1.3410199129155892e-05
Bt122z5wi5zDaiBmAPdChAV9aYw66akqXevXb9woGBwX,1642824019650613,3,82624083999,15000,27541361333,1.8154512914396176e-05
7dg4bVV9vxjqskFdeKRAGDM9FU67uvcUR7Wm6tkE8dM3,2930064736222035,23,102348479565,115000,4449933894,0.00011236121971598533
BsJtUbgxaE8TNM6nkt2aeXU49bKSmmujDmihJAxL6ait,29237628006332,4,53680699400,20000,13420174850,3.72573387149274e-05
Fx8goiKj5qRG9zf8V2Lx9DMLEDubG4AgxZrqE7HBwcEi,1262699656316558,7,73635057590,35000,10519293941,4.7531707240428876e-05
E39TPxGmmZqPq6UPyUQ6HCQrMivHAkfjCgM6JJabcY5A,800308920758854,51,740199232561,325000,14513710442,4.39070976709256e-05
dysR9r5TZe57zS9c5UZRTLrekYBmL8zW4HSineHSePk,3929239896268752,5,63297977642,25000,12659595528,3.9495732614704884e-05
3xCJNisUi9Q3u6XPhFnhjK4FSUDmCp35L5aKkHgcmVNs,2942943441698352,25,523672010368,125000,20946880414,2.3869902825655847e-05
BCxbokT173pY4Qk2ejqxhyrrT1EktFtNkTEqGf8EW5RN,17369924957953,4,70087390000,20000,17521847500,2.853580365883221e-05
Eond2xpMY9QVH1aw8nMzTGmbCobjsY1TeZRh2Rtz4Et2,1688016934972096,20,272224589793,100000,13611229489,3.673437439139504e-05
6u8Q4u4K9SypXYCFYWH6jZS6ax8Uru1PdxZWNUpLusSw,1015540149010408,19,275167044023,95000,14482476001,3.452448324155394e-05
edL3LWStyRVQzjEgfk3xeLZbo4RGnosVrMSRWWFBLUL,22626128586619,12,99833502169,100000,8319458514,0.00010016677550860447
65h2rdvPAdnRefmfbAxipKWpEma1u9haS9LQJLDR5bUr,18724793930624,24,108739121844,120000,4530796743,0.00011035586637544778
DEKx1CCGhPrPxXAfHXeBYcCaqUouCS91g27vhDUpTyET,22216305009656,14,109107104357,70000,7793364596,6.41571421151083e-05
5ecUJy8WUd9MohpjYzsU3ziNoUsrbvQx7piLFyBBzNyL,11268935763060,6,50828753182,30000,8471458863,5.9021711377771715e-05
4AXAqMWWPLtqTCd6cZTTFsjJDxvKEKewcTyFTd58LQ15,962178958240182,14,209539301170,70000,14967092940,3.340662091032209e-05
h6vkNXx8atS1BSSLCZXVuocfY1hEbykA3cyoxYQLm1x,1937941127682695,4,98648763750,25000,24662190937,2.5342436184356136e-05
92B8TpsCTNjo6e4tL6YxWEi36sSumcDPyBiMwpuYSiSD,1871421088793266,5,54435884130,25000,10887176826,4.592558823936199e-05
3GfnM6HCa3aFpZk8sebPiUT6k7Magexn2cWSyvuUyoKa,1094771898372101,1,662513400,5000,662513400,0.0007547017162218907
DnKvctM3Cqz2SxNvzB6F9AefhfPQjP3ZTE6bToKXzocg,430192074291002,35,424911491078,175000,12140328316,4.118504763333776e-05
5DByTJPnVJNFDVRWskD6k8uaeZCcmDWJD2nfcpMMDESa,40975997619198,4,51699658919,20000,12924914729,3.868497475260877e-05
62ByTVBHEqGz8d88YBMk1J6xWvNSuB1NqXepHE3zhFKk,2840513295751235,7,61860969998,35000,8837281428,5.657848559621935e-05
ARDBDQzyeoXLwuzuCjZmNboPouNNwKDBH3qT33KRWe1V,2664397031739203,4,63603390840,20000,15900847710,3.144486439459145e-05
CHYR3jMdZayFsNBUjbm5ZauuxkKXu6UoEatCwxxrLEaP,7839823013651,3,71316843517,15000,23772281172,2.1032899467044427e-05
8W1yemunwYd7jpoyapyPw8up3jKRgp7e5gemFFKsfuWm,1191577041465817,11,63254061880,55000,5750369261,8.695093779802019e-05
J7Bbh3KjUCh1xyE7ogGnwgSD5HA9PxUSjp7DSwuE3SGj,437854440474617,10,159255395766,50000,15925539576,3.1396110479965714e-05
BDbQ88Cf7Fbb4CngNuttsS8uyss51XqnMrGhDgKRBVq4,30805528278392,9,91873940000,45000,10208215555,4.898015694113042e-05
7G79kc1C3ripS6Wbx83xN5HSuGx6P6v8hQQSjLG3xxsJ,1264124297407032,4,68003928490,20000,17000982122,2.9410065630165773e-05
CHsSjNuUToxsCG48NjRj3714cEpfDSe1gv4xd5CYXDqR,35780527356010,3,55456443831,15000,18485481277,2.704825438448875e-05
5cLQhH5QrrBS1zjJ3kh61DKA7K1X8CUYPZyDUKLWfMqS,31654770804286,14,106901085287,70000,7635791806,6.548109386548252e-05
6X4JuFoBksWEF9VC5LXSDXJts3sdrQJY2xJv4u7mEfAn,1189428125775777,8,140099516700,40000,17512439587,2.8551133467257708e-05
8e3VVJ4VaGMJLCxgtctRe4mKYQR7JcDGWLrEJh9KTy6d,699915302821735,21,110165522248,105000,5245977249,9.531112625566137e-05
4UZdi8CFYkB5xmozqX73EARrqCmT58ZrJgx1oHqAmT3Q,3434716489775143,12,181937952404,60000,15161496033,3.297827594913664e-05
Hnu4LFwQCkjQUvbM9ByPTs7yCXsxMtQMWLcJcUjFxF5K,19013107224332,3,52833116454,15000,17611038818,2.8391283737842703e-05
DJN7tm3hSdYiBzAdRWbMp19bXDSMpotk9c82BserLrjS,30660611348242,17,83479696400,85000,4910570376,0.0001018211657032332
2B2ppc6eqnc4qExEEse9S1m4rWNrBLwrtcxqDHeGt6fx,50294407360602,6,54087975900,30000,9014662650,5.546519258821072e-05
H3z2BCCi9pec55xFFyUrFDBhGbD5xLbJrJLuP7DsAcyg,4065615226180981,8,129315391270,40000,16164423908,3.093212618170351e-05
HpBeKagbYxaUX3DjgBBodc5iDKeooU8kEj4MR5pH5TcW,720123918928727,10,56803864860,50000,5680386486,8.802217969363713e-05
Htp8CjqFRRdZfkvfB2yuAGztRoJpsfHTf1Sfuz7iNM2p,362055403566781,3,45992034280,15000,15330678093,3.261434340712098e-05
Ga3ZutbtMnugxCyQPLYVPUGjvBCRMcyTaymQMb5ULKLV,1235105597705580,4,53161822067,20000,13290455516,3.7620982920400924e-05
DENB6HSJcuVvPcTN7gdT1h6zPUZKdzjmBqiBEgnQjK9c,3932840288433671,6,51751902680,30000,8625317113,5.7968883164548415e-05
EWaNVAouQgyu6xbWeuSTxdBvpan418RZZtbpsunMuRzA,59253912378976,1,805700000,5000,805700000,0.000620578379049274
4VeSLFyMLPUPBebi6Uhksj3pi4t1WcMW2mAbJtnnyiGd,545159791130993,21,253088528280,105000,12051834680,4.148745923554272e-05
5RZTvN9Bz6SSYEANeCA3Y73QhCJRF41JptvpUuwEiXQw,394764675837202,9,107144268726,45000,11904918747,4.199944666669804e-05
2RsyN8BLCvq4sZFtsGqPLhD5aPjYsxECHyGHGaRym8bv,40458635748582,5,52505395000,25000,10501079000,4.761415469781724e-05
b7BP9NaxCu8DaBqxX674KLTWeXRQg3nrBvyvG2oc2zo,2398412224782209,5,86515605130,25000,17303121026,2.889652099460499e-05
5RA4fPvDp33ui8LwNnzSqgwzj3vbTzLgjmcoPf5XYKux,1181393429834141,3,56583007840,15000,18861002613,2.6509725397447164e-05
ExEisTC7iEynrXXU7uDRdVq1MnG9RrYbb1JYbzSUse38,2538326464440301,3,48948230930,15000,16316076976,3.064462129683754e-05
5eq7YqumPK1fhdUNh5ptNQe3by3My52xueigDqPo3NqH,3002177160277290,4,53478017470,20000,13369504367,3.7398544198500936e-05
LxVZ1ayGfdrd8B64714kVajMLrfiqsL74VNf5EBHMgt,3117624493989351,3,44712034280,15000,14904011426,3.3548015073672465e-05
EMZbMGLAKDSPese94P8bSBhGLcjqgB9EKR46Xh9NFE43,801166210998580,18,200949578320,90000,11163865462,4.478735449580315e-05
8mYnCfsYEsyUe6yLFG55AgiJPHWjbHcdL3zDLxHu42vF,1240020046984159,3,83798529050,15000,27932843016,1.790007553837844e-05
EpR8YXEB4G8hopGkWQUZabytNxStQggCX9gUNWERPK3v,222332541319367,11,109466844606,55000,9951531327,5.024352368788877e-05
GCsCbMyHmipRgZkwXRzYHiymgCrpNzT4M6kMuHw9Jigw,1170735104094815,11,119521610138,55000,10865600921,4.60167830206578e-05
HJ3AKDrqfXT3tB5TUqr7NL9JZifU66XtKddr7NQQvEdQ,26446947891570,9,112850300240,45000,12538922248,3.987583542471575e-05
6LFG6CccrKXvGPmBciCCdeZTLcwUfwbfDc9VZaqmMPrV,1195048251070751,3,45961165000,15000,15320388333,3.263624845018615e-05
F866LDfZff2vkLvy5FNrzQhUYmBu4Jqk8R4mXKrBgkYt,1135647456444480,57,134090526640,285000,2352465379,0.0002125429790913975
5mheB4g48ap8pSrUudrtfA5ULDEGmC8nSc6NcoGQCua8,26356144619139,5,45641290662,25000,9128258132,5.47749628404231e-05
8dSQu3A8ufv4PaafQQQno3QgAGjmZgr4Scag7fnosgtD,2643532126184864,3,46459981000,15000,15486660333,3.228585048280584e-05
Bj1KfbQwq7Uy2BA1yMdYfhghhxHLeCZEezVm2pKRCW34,443785111659046,7,98898663000,35000,14128380428,3.538976052689408e-05
jD1CkudXhMBdVMsr7M3vrg2niNm6cCXuAQmTZa7CME6,1069988911895605,3,3289788189,15000,1096596063,0.0004559564062560382
GFvVTFJWKAdHVcAhR5BHrJHC6AYLqh6UZxMmnHrpKnmz,42633571604455,11,87345604110,55000,7940509464,6.296825187760442e-05
Hg7UWVw5WHtBzDipjobq1ygBjEVneiQphonvQc9VW5Nf,534698758185269,3,46421885020,15000,15473961673,3.2312345768676845e-05
D879PCwWBqM5egqvzciUWvmNHu57H9XFZZd1SxNTuxxF,743222076357655,9,114089815708,45000,12676646189,3.9442609071411266e-05
BB4S89UXJmwEdPg1p392gTAH6G1ju87uh7nTmrfZqAbr,45987047656962,3,53493720123,15000,17831240041,2.8040674616590454e-05
q4NqMTzBx4zVwGAjeQqaEgFCY1fkd6kNkHQtXJUSzvQ,2559191632855546,13,59122220000,65000,4547863076,0.00010994174440675604
4wdf3dfJnMiZQwiSgF3T5sKknL2n6LBeybZtJ4zke4QH,935014389245014,3,56909755950,15000,18969918650,2.6357519461476447e-05
2H7s1CNmWVoec6z2ePLUS85ByACvAVH8prEy7yLkSpi1,77652145810191,8,130812273978,40000,16351534247,3.057817036857504e-05
BgNmGng7RzxSDXYCavs1FM9omNFy4i1oG6hH3TH6pVbt,24507153117337,3,67988141763,15000,22662713921,2.206267094677853e-05
14FsW83htsAUgqKjyw8UsXQXAuYQwEQAV4Uyw5zVCAay,73336629270479,5,48746704559,25000,9749340911,5.128551812100764e-05
9dQf41xoxp8TctmyauQGr2FzMLmE68LrR24649A95jCb,2700230307473639,6,47441124079,30000,7906854013,6.32362756625314e-05
A7ahRjUpMTXnhwoBLoz65bKvhM1rrZGaSN6Ww2tpxLiL,15412092387764,18,81532894474,90000,4529605248,0.00011038489505447409
G4X8MaouZdE7EjyMrpikUiUe8XaQUkNgHMseBzHh4Qce,1081429742006354,4,42865275000,20000,10716318750,4.665781334658415e-05
7AT5B9mt3onej7MtMWRY6BApuGeYg4AfKLmZpXJzfJpb,1142803472146864,3,48150301500,15000,16050100500,3.115245290831668e-05
DG3zSeeNu4jTMcXXFs9ruFrjHfdrVdJFYG8dgTKwYHwP,2329877519085016,3,43600038140,15000,14533346046,3.440363962947671e-05
6vpX2qRRLexSHTVmY2KRx4nvkChSjYqckvw6d2M46EEc,1030839360528937,3,44976487910,15000,14992162636,3.335075880094436e-05
7qfSrTt2AFJsPkJYY7HGxskMgpmp7LDKP7Mu1gEGKkMC,43442760369462,6,51254116548,30000,8542352758,5.853188391590888e-05
7YK7k1bxKgLAQxMbbo4uQzEve7ButUYdKAAWcmJLYALr,31359750343085,5,44829409439,25000,8965881887,5.576696260970791e-05
ESyY1Y4F8Zj61cjT9QnCvDptfm4XJFTCatzFnbUZKtui,1246070688363248,7,46921164002,35000,6703023428,7.459320488832745e-05
2pwgxULkE5ScUHivqgW7fMGGFEnZh7izJDgdV9strECH,3057396449957092,3,45307864960,15000,15102621653,3.3106834791802116e-05
DrmNCstAFQ7rVNGiZWcEzGgjDKR8boQtybxiCePsmx8u,1168263842358781,5,75887504720,25000,15177500944,3.294349984525357e-05
C1bhG4JPn9LmjCgxUazxXovxgR9wUSYCGUnpMQCgcsjd,5208726069238,3,60988861527,15000,20329620509,2.4594654867199715e-05
6dTyYZWL1KhGFr8ueqqQEMrqbuNNSaxKoYKwPMNG3Khq,35037502691633,4,42843346346,20000,10710836586,4.6681694372053334e-05
3z3rn5BGFZVwiutughiJqajvWijQTXHLMWciVA6yEBS1,1059882428998943,6,50619903190,40000,8436650531,7.902030126344064e-05
9AKtBPcmtVwxvW3jwSiwg3D9fJqktbzxjjVQC4dZUtGt,4035798281755487,3,48533494240,15000,16177831413,3.090649093968883e-05
G4KkBJyrysWihzGpvWXXxf5Bm6GX24FqQrwHxyaQr2h8,1191214618662564,7,77081727760,35000,11011675394,4.540635117699391e-05
4AtRxMePKuZrYJD2TkXXGBHwW8WRZgmSgJSSsr9g8gMv,1082370752199444,1,2039280,5000,2039280,0.24518457494802087
ALKusosYtZVuKq5aKoGXJoaoukTxha7xesWUgn9Fucph,1907277331601429,7,92086987360,35000,13155283908,3.8007541568465966e-05
Bd54dDwQGVcydeY8Y55G7eFZJGRawJYs7mSo12SiCtfc,1168884701924032,12,112683135600,60000,9390261300,5.32466545952241e-05
HrFAYFh4zBpo3sCeB48YXD6PdEKJjBuw5GERV4wGd14u,1147852019692790,3,43913903420,15000,14637967806,3.415774693617523e-05
8rnMemnKFYRhwhDmW1hNeWiaBsQWzez4Phfte5kHWgyT,1502329633655830,4,93337273770,20000,23334318442,2.1427666774673144e-05
74FqYtm2zAKtgQ2XKbQmBbHBY4vxMWJ551R7pmxVv8At,111619001436065,5,85522311825,25000,17104462365,2.9232137750387574e-05
5HThg6erfwym9MfTjKr7wjtJzXcNZVpcuNbZuqSX8Mda,35115446266978,1,480709310,5000,480709310,0.0010401296367653042
Ggbd2Gs8QvXbHasyqDdcDPjbLjmf8f7NtAusbYDvdf2D,2644392631535334,15,113233275000,75000,7548885000,6.623494728029372e-05
7YnzH433Tr1CMz6kn4FNVEBa9Z3UvtnQ1rtraz8AzuXc,10813328064504,3,48070980000,15000,16023660000,3.120385729602351e-05
3btSiCPnHEj3658Ard76iLZ7rXaWZJBzGnat76SigJbj,42482592804106,16,105285505000,80000,6580344062,7.598386881461032e-05
CQ4MkSxf7JuU5ogPK4cqFDmwpnWdg3MNvyf711D4QzrB,39467447822367,10,43088980000,50000,4308898000,0.00011603895009814575
Birrn9qjAXRDimfHYK2SY65e6EpiTmYnue9dmi1LNKVH,1163493641067430,3,44981102160,15000,14993700720,3.33473376144592e-05
DTuskSKZtwpuvGsPVTKd3ah5yjLStNPHLBKsLghbDa7r,2172887047979651,12,143741698834,60000,11978474902,4.174154089363516e-05
7QMswxYdpKx1PJuHCSRZF5nyKkz6bjjDjrHHzTuDRqcv,56618853136209,11,198112861079,85000,18010260098,4.290483693842833e-05
6GksbiHdxjzezTP3bjuydr28L4H626dN2SieEB1xZtYX,1113891151784482,10,68434220000,50000,6843422000,7.306286241006327e-05
8vHD84TwocPQ1Z5hCJiueCYPoJLRct9G9DFeJcKCfiCo,28503085688258,3,48172995000,15000,16057665000,3.113777750376534e-05
55QVPgeHRxtBAuVXgnPtzUdn6LfUHtri3cTTcPmcM4Wz,689307808745169,13,102124458890,65000,7855727606,6.364782805851888e-05
2nimB2BhHnKmidHRMPVzi65D9N2cyd4BWyzRec6f88ne,38749546676572,15,131054974034,75000,8736998268,5.7227892762423896e-05
ENJeT2YnZbjMk64FHR4D4gXqzbymvJTczQk4fqKpBEMo,44906824377091,9,378459503878,45000,42051055986,1.1890307823926698e-05
ALghF5Xx7x6gfgUigfhdfC6YMTwLfTnKsC9Jn8Lo7QYa,2589803035214921,39,394638623928,200000,10118939075,5.067927665298394e-05
DDetrA2RzY8AtyN4tw8Qd1VuoaiqnQqTAcErKLqQTaFg,519148188736556,13,70888695200,65000,5452976553,9.169304050048307e-05
2fMFMew5rk186bxaH3kBnqUPk5M9cRpNSqK4CS98tuEV,61949360495475,3,39752034280,15000,13250678093,3.773391795334304e-05
GA9T41GYTJvjfLUvyg1BiEUVw78MUKU3JS6WuwsxZKSa,19033706693669,4,40655985000,20000,10163996250,4.9193249161224355e-05
DSB27EdMQuQxhrR7Kptw3srfdCG6zwuB3GxdoKCjHRiV,1151593827180828,5,68726485720,35000,13745297144,5.092650909373458e-05
6xCTQBnhRyChCmjtBVHScB2vfwhXhc7nrV5eK6JABKEG,1131234548303125,8,61805566000,40000,7725695750,6.471909018679644e-05
HsuBeQL2jXGVN9kmFRys1hnMBpYVKS1L2yU1v7WhbDys,1171938444619190,15,75988050308,75000,5065870020,9.869972936008338e-05
A6uUSUVCkBGAj3G7c3LmA3mvkqggC2sYRHegzC8wuYjR,11222535712298,5,40090000714,25000,8018000142,6.235968958531259e-05
CAh44GZKxco9rnS4esE8DCNLduLaHpGDJit24ZHLKT63,752075368921965,18,504878342722,90000,28048796817,1.7826076578126563e-05
ou3Hypha4s3acmu7zVGCKmga1PLKLCBv2zWVwDK514E,42418553073256,19,44810650838,95000,2358455307,0.0002120031693881107
FyJZEwT8W6PVkFS34ZaD9QaWkThRpNKhsprHdsfe7N6u,38679955597368,6,70554977532,30000,11759162922,4.252003338303607e-05
8bC2pPkcYfWB2ixE8BsH91JZnvVmLU3tVACCFD35VgvM,4108457356204426,5,62054837800,25000,12410967560,4.0286947619739005e-05
DsmiSKBBknFnuB1Te2W7SdBSscEgyJYJqR1dGhJh2KGC,59494780681074,11,107648696070,55000,9786245097,5.109211909472226e-05
CBuQMuQThEg3mi7TSD1F8jJD6vNAKgS7KNfTDazbP6JX,2721940128963918,6,97668486610,30000,16278081101,3.071615117759835e-05
HmZv3Xv6evEB9qfR5UMXwnGYAFjSeaAwGF1pXaHpDq7a,3947337552857452,14,62651554780,70000,4475111055,0.00011172907080407495
J7nZpDHnMHq56v6BMSBJJhK1TbtsFfTHLryc65mnaumw,30753010920374,1,39634701359,5000,39634701359,1.2615207958075433e-05
Gm7biaWr6Bfm92XRN8JELMC17iEUMRtBoHzw1J2813sh,42967904620148,1,990000000,5000,990000000,0.000505050505050505
gHti82EnWsJZx8V39EmNJ9FSWvp1Gdv2ANWQRh4SMbz,1261263288039671,12,126316734981,60000,10526394581,4.749964445251449e-05
GGFsd1a2R7DU7sk3xFPvm78ChUaa4szDJUYWkRemB8wZ,860800294501289,5,50093967480,25000,10018793496,4.990620878647961e-05
7aUbm2QovAWWnCqEKkvwdzdA5oRJqLs7uQ4n1XwDr9gL,2300786657159212,4,42433036800,20000,10608259200,4.713308664252849e-05
Bk5zX7gMj3PcK3wa3fykCTneDZFo7pQPA59fCWmeRyxV,1083686797172841,28,80503666016,140000,2875130929,0.00017390512373955142
DPDJpKJaggAiMvcmDimG6p85LD73BdEojmRoJKZDGcZW,24731491684913,8,215508495647,40000,26938561955,1.856075319903836e-05
Du4duSH2tfgsHV6NBiMiNrc5iphgFJVskasEqCZUeKQP,24945817760613,14,82171521893,70000,5869394420,8.518766403176857e-05
3QTYU5xr5V1zbex4Uj1mqhZVz3yQHDd6yybATWAxosaP,2473432235603270,12,78581828632,60000,6548485719,7.635352987391142e-05
82AUbXr6uSUqjBNCVnHsRJ1bmFTxeL1nau5ziuoNry3n,32880688557339,6,68609995000,30000,11434999166,4.372540764650981e-05
AaF97rtbHKiBb3i6QrX6CgS4s1KLxR6F2cwiSZbieyG6,7319085109533,9,112642469378,45000,12515829930,3.994940829021711e-05
G76rmaqJ52SZSppzZo3D26NykArXPWLdfK8o7RwyudRs,1603234509989091,3,36762272480,15000,12254090826,4.080270067134871e-05
2HBtDQtHFvmJiPqoDSTRH7YFkZUuHEYrQnFYtg6ppXiB,2988025239369132,3,67277985000,15000,22425995000,2.229555477917479e-05
5UsDr99zeRGK4MLw1qmJ55i9mbinedQ3DRhGPe4yn2yy,61224086234095,3,37929990000,15000,12643330000,3.9546543513457294e-05
uPCR9Vjber97EUGzJ1PjsvsNRST86aarEb6uYoJsjAg,328407749840824,3,37929006150,15000,12643002050,3.954756932116451e-05
A44ihBN5H1NCw86bNsVy5eAYhj6vsY22UBS9X2MAyV8o,2789651196073823,7,96029990000,35000,13718570000,3.6446947458809484e-05
G4T96ViT7f6nfzLCxduAwhaVhiSmGTWYNJZnYsJQa4Bx,1082210407596553,25,726552232890,125000,29062089315,1.7204544193992586e-05
6q16VB1ByakBNvMcpwxE6dV8uZXqheZSAbk1Hw8fizLr,2952404276656146,12,68426222371,60000,5702185197,8.768568236119497e-05
8gwzAE7Mu5AQF2KEWaCHxzeT2dyg6ENviNGvLco4x58e,2678797465221368,6,50498371050,30000,8416395175,5.9407856879771574e-05
EawHqLxCMf8Ydq8mVKAag4gVZxFkgCT4odoLPuitoCfu,1057694004157400,11,76163698102,55000,6923972554,7.221288011296781e-05
89Dm1gU3UrnnvSJPU8eRtGbdTx7z9fmN4LmBgAzcr1Xx,1008178848345596,15,269739964998,75000,17982664333,2.7804556140042537e-05
7MSzt81J9dwALiG4idBAmMmQXEnZwVZuR92SJbUEZrmD,416744544931464,17,161671229872,85000,9510072345,5.257583558144332e-05
Ffbiuj5Y9gWrgfXLvCuSrmEBiXJzxZqk9ezA3tHR1QLN,2648712193921504,6,42239965000,30000,7039994166,7.102278612210024e-05
H2j6tdCfAwXv7XkLRzjCVV11TQLiKEZdW7Sz2BgWyoru,2949687747587674,4,55147067200,20000,13786766800,3.6266661158002615e-05
EQF3GcvJCrKc8rjZSb2PVf713CuAhBq6VFqJEhhezP7A,3927844623801203,3,54273863280,15000,18091287760,2.763761245926918e-05
FQKRR2RXoSTDoLuWKsWNouCubeGu7ahz1tEihJmS4ehG,40061214930444,20,82559467462,100000,4127973373,0.00012112481230093619
5UfaiZdQR53BP6FFEiMMMk64FMn4dasg7NnrvAxXXWDh,1264771041785535,13,60884406250,65000,4683415865,0.00010675968446354027
EPaJn7FqidAQ67vDWdbeXWj9xxyCqNSfiNwFpiNywJU2,2682391492253186,7,139010745000,35000,19858677857,2.5177909808338916e-05
88jYmQXVwPn217fhF7v8saPfTiE1eWV2nAvVZuFSaUaL,28314666055005,6,73322673910,30000,12220445651,4.0915038146076796e-05
5pVFjsQfAXaJefpCFD6W7ryMBFZSxAsFMjLnicdq1XGF,428725955336494,4,48457496490,20000,12114374122,4.127328369951454e-05
mbRfziTBWpqqxbEscxmKTKVLrLK76hfQSaDXmRwrZps,29169685137625,5,67731643305,25000,13546328661,3.691036977712673e-05
CrCkUXw183AQgxGXWGWYZfP81wbekvPJWEtcx2BZ9YvF,866857858199601,4,41720381150,20000,10430095287,4.793820058376912e-05
878egkohQaMV8vrfmS5DSKnBPS5Q8dXdmu2FsGJCH2e8,2703899576718745,3,44884615000,15000,14961538333,3.341902342261374e-05
FzZBuTs4RAgj1F67hSESPySPsN77hQGqAMzXf489qXv5,10899574345311,3,50341095000,15000,16780365000,2.9796729689729637e-05
12SWoJ1NteE799jCHkGgEs4hEFQmiNS5ZC4mktXLfDM1,2136262891351588,8,91022884899,40000,11377860612,4.394499256355634e-05
6xVw3FbDRhXhNkiReP6FwHWhUkoPqLnSwekystjeVqcz,62462211200694,3,37274995000,15000,12424998333,4.024145409006762e-05
HscNUFNRF3yjoJtmVfjCJwY9aEsHZmQzCzAMey2RCCAo,1264819252436019,5,58875941330,25000,11775188266,4.2462166099179374e-05
Bh14oYfAWPPkaucqmqcYJPG11vFQ1MHckKU7nsDZZ7j3,687651145168034,5,49561521740,25000,9912304348,5.044235754331783e-05
E1i93cJdbxXL6hWcJfsTDKiPESiyKdDW43MRyBNe1SeL,6539461074881,4,39651641530,20000,9912910382,5.043927370539809e-05
Hx9UB89kDKHtCcfyut9WgGgy6EtLc2gaePLuSvTbxwww,53367584192818,8,44352990000,40000,5544123750,9.01855771166724e-05
AzYiSgHfW5g9sFXhFXvUXQk1SRR4153Mwfgs2ZybFMnJ,37473555367760,1,2600000000,5000,2600000000,0.0001923076923076923
Eq9M9uAFKt3De7a3e8gQq2XzaDctVqF7GY65gX7khMfA,1099805991845649,1,2039280,5000,2039280,0.24518457494802087
7aQMHes5zgYaTaQyA3uYAFGbBnLSw9yQn2grtxEEBf6m,2811915532141805,9,46590140064,45000,5176682229,9.658696011255675e-05
DdWAih9wvcj6Vrb2KYx9ikKpGDNvbJUh61YtCsQTeQ9W,2391886000553520,3,37414338838,15000,12471446279,4.0091581104635744e-05
2BN14JTVCnkJuTHm9pBnyPf1SW5wNWHu9YPpt2B2kZVq,1491604029363231,3,58238687800,15000,19412895933,2.5756074813210337e-05
Wyu7ZZ4rGb5fYfhpqJ5A66iD5vRGNUCd26HcKDAWVA6,334826778996946,7,68981792420,35000,9854541774,5.0738026328600285e-05
qV4Np4bUWwT5A8t5dTKgca27FJ9GFE892N1kua8AFeE,43966551412542,7,39513754578,35000,5644822082,8.857675099163288e-05
2dTcypoehvRQCMYiej84g3tx41cC8DYfpdxKGbtat3mi,1176368055723423,15,156535297680,75000,10435686512,4.7912516289661425e-05
GbrPaW1Hk9eBVmDbCdpButemG7F3nAqoa8wgxgMcKhJ,437812581761194,3,40966455140,15000,13655485046,3.661532331449853e-05
E3kyjKysFxsDdQKvsUT2429bAyYmzbcxYq3iaogfF27q,4359941468656419,8,64318059428,40000,8039757428,6.219093106311373e-05
BmByAcCb84aYuZ2zPmJYheEUV93u4fhtHekQkxqyZrTj,88125565571422,6,47170960000,30000,7861826666,6.359845125051514e-05
73FBysKkFFRb6NRwZvC5xCY7byXM9W5VLG8VcPRc4efq,34840086855772,10,47943728541,50000,4794372854,0.00010428892687651846
DRaZC6L7t3fQeoDF5prsbDYtSF7wNMQTRyhFBMogheut,36712443515286,8,43715625000,40000,5464453125,9.150046465079706e-05
EQ93FPsJpR4e2cX2MH8bUwDZqTy5o9NMZSHe13wPhU2i,21378771719281,11,97707466160,55000,8882496923,5.629047826287423e-05
BnPS9m5RFo3eUJxGs8QJi9NYs4PtQUmAVqKUm43T7cXu,91830682842769,21,67110937621,105000,3195758934,0.0001564573581030463
7AMJbQ5u38gB6AymRdSTdMZxkvfjC41fTogymSTL1n97,28603809852715,5,56974678841,25000,11394935768,4.387914159159692e-05
CnAfe4Woei5CAmV54MLSzFLkuaYqz81UJuKh7JQENLhn,460247738746465,4,46903980304,20000,11725995076,4.264030444830795e-05
4NqUtrrmQwyvjjoELpCpctDdu2JUjUuhS8VBaeGriMQg,5013600344144862,4,41346687621,20000,10336671905,4.837146855227646e-05
H7y3QyiCqthjVGWSipQhvtuV8furZhbVLHZxHiAuvkhc,2631501034910785,8,73174415000,40000,9146801875,5.466391497629329e-05
HtiJ3kByQdHCRe5ThBSAjgJX8vY9sgH7Yskxct4hKdeP,25841190177607,17,195729666796,85000,11513509811,4.3427244010276465e-05
6W4XRF1ky1zZNw91BFn7Gm1usfGZzfKiKxNLkftyVaFp,20898665754025,4,35781985000,20000,8945496250,5.589404835981011e-05
5UgoGvAoiG6GnNE2sZXX2uiHCEA7yZvU7gWPDCkdnUBQ,996002702237365,21,285964964208,105000,13617379248,3.671778474359782e-05
7ywyQ7XEqUHzu75uBtZntyje1amqok8zGDPGr9YVuibW,30550096773824,2,399100000,10000,199550000,0.0025056376847907794
DMh4VKqbEn3NoM7pGX2MDVdvviNBCTRmDkU4M2vGQohB,1721545005632502,3,31819995000,15000,10606665000,4.7140170826551044e-05
Fu62CphLQkPrrp61MSmzx9JwAyC3YeCAUQ7bqU9DTh2D,1272603859945574,10,83241769624,50000,8324176962,6.006599838740593e-05
VDFZsJkNq3HXz3Dh3vWWWnxSDzXemGphx4G6AeYTaab,4047959527756866,3,35459995000,15000,11819998333,4.230119039779898e-05
GFfHubGqkzit1JCq6ALZcG5Bgg2JDVHaRWRREH7UpsjN,2229361998993383,18,137410098560,90000,7633894364,6.549736951152945e-05
HRSMH744Lyo21eHVE5FJS2qCRDri4YTwKJ8UZZee8ZEt,2650249750757162,4,51769726350,20000,12942431587,3.8632616801537334e-05
Dq7TVNbpKU2NxAkodCPW9sxHkUECJVfxBiyo7DxPpHrK,4207021727531424,3,51881884020,15000,17293961340,2.8911825935653446e-05
DqBZm8Cjf4kxSxf9wY6KYgV85JnfY9NWjdGx8PqxoUvH,3073984539409160,7,45877700650,35000,6553957235,7.628978676811694e-05
4yvFwRmTvBGws1b7LgnXHKqKC2kcqdSkc8Vv1BLJSXzH,1481280214427938,4,31190110190,20000,7797527547,6.412288984606502e-05
75pU8Fvt69SEsjESE6atF1CZ5U3df21AJjcPR666di7U,386745348533836,4,48903587920,20000,12225896980,4.089679479697366e-05
GXqo7cPfJgXeYYhvAs2VDmJxUfzbAS5LJeeHoUkeVLW8,984504081608602,3,31199674550,15000,10399891516,4.807742457685348e-05
EsQEw2NJtdceXtw6ViM8c1HS6waZd52ycMjpmdKEUgjB,2463158242684811,7,83047088879,35000,11863869839,4.2144764461274693e-05
4JhQQJgXvzD9MnB7EC1oyR9GtVyD1WGdT3gHvtZCxNSG,1136098957728820,3,46938763450,15000,15646254483,3.195652994987451e-05
37J5cCx2S2aP9U7fQAodNWirGYHftZbE6KiLHkEqz1DM,1415477607974074,7,130480812470,35000,18640116067,2.682386730849577e-05
DET9UkcK73adyLydtappe7yxSAUpADc73SDm6PYAYSQo,438105890814890,12,121186606458,60000,10098883871,4.9510421781465086e-05
BB9bTaXHF1oSWA71e6FJ21bf9byUVpsrPQzuRWwN7jzW,7518821340766,6,62677065116,30000,10446177519,4.786439815661007e-05
EiizbD1i2v1bHtNb3t94Arpucu2U3KvXCgoHyB72P5xv,404902663927365,7,33956296710,35000,4850899530,0.00010307366642161727
9qw4GxZu7pk7gKy86LdLD3f25EvH8FwytrodpeGEG2Tj,1087193149230574,1,3043941490,5000,3043941490,0.00016426071317159253
5A67GjQrvabGHmCMxVZrB4UJfbzCN85Acom8rEpJUuLG,1227989040836967,4,30920980770,20000,7730245192,6.468100138467891e-05
4UQDmFQ31LurHe4bU7UgKV5xUwF1LRA7jg8n7zve462Z,1878032062801876,3,30341634280,15000,10113878093,4.9437020635000545e-05
3XTSFVhS3tuWs36mJnEUvKCfJrMBBErHSnDjHVGUsW9y,1051358486113859,4,32666971000,20000,8166742750,6.122391941389362e-05
AABcDM4dfaWnmsmyxZwjQCRW5dL8n95UcDspxcSux2HQ,451747154351521,8,51764659562,40000,6470582445,7.727279641835733e-05
H9vjNbCeba8Zhuozcd3b5FVB6WZePNAHMaFetGcfzTo1,1097699602942824,1,748760850,5000,748760850,0.0006677699561882809
5Y3CYzme3QwR8HYCuu7YPeTr1QAgageUHviW6zu457La,1358553749608284,13,62617669784,65000,4816743829,0.00010380456542732724
Aan6fTzgXMHNPBS9RXhumMHukakQfyA2u64JNQRJrXbK,1192070136414145,3,37427064990,15000,12475688330,4.0077948949531024e-05
4phFQHsa5p3BYU3komx3X8oHrro9t7W9kpdeE9p3mgo4,55987462064983,3,32819999406,15000,10939999802,4.570383994966731e-05
J1zrsLHfguamQPxkYjYPHYctRv4soNUNnVz7m1v9QDPh,22676649190749,3,38989980000,15000,12996660000,3.847142265782132e-05
4GxURsUVEKZW5X7c5JLzNTDGhzWqMvdfrypGPJPzqUyB,1182219038868219,21,505526998946,105000,24072714235,2.0770403997990226e-05
3DZ7me4ZNUnXbRMZDR5Rjvgu6trtRna3NNjx69CudVBw,1415943108979789,3,36927185670,15000,12309061890,4.0620479811398526e-05
8coGRLoDffTZ8whggfQmLyqpNxyPvSq6y7P6gwnbt2eG,54151642244123,8,46983887166,40000,5872985895,8.513556968727376e-05
QTLb4xitbJ5wJA81TAtmg6FX5X7FG4ymbVqgTcMVo6S,1263224198893987,21,154799202340,105000,7371390587,6.782980688064442e-05
C9XW3c3tCqPMxeP5aYxPWcXt4Pbikg4HCCWVzk7TKTvw,448549129316185,8,78357514217,40000,9794689277,5.104807164916652e-05
DNERY7z5GiGqnFeQNaWsM8gj3VvtYSv2QNHmrhoz6M2j,453799111506977,4,33576113740,20000,8394028435,5.9566155138953853e-05
D8jmCbh5Hj4tYE41NzjqFtJVYSWVBBmm9WBWaCUvA8QV,10970836718402,3,34989990000,15000,11663330000,4.2869403506545735e-05
CLchnuSWd5ZDAy6QsR4AzfdMC1uJSe5w6uwjPegZxksy,1243140376649344,6,60729130000,30000,10121521666,4.9399686773052726e-05
BcudFKxTcnfx1tvuMiEWA1nWE4vno2YQ2PtijCMtSmVQ,35798319024084,8,60480450600,40000,7560056325,6.613707339012451e-05
2g2iW2eoMcWNTa2DK9YQf2vFnMLqfRp59uudePSVsVaT,1076498015694907,6,34840793689,30000,5806798948,8.610596035150501e-05
2mSKuvfzQEmUDtpWdUNvfm5dhSVGFHQL1FgQwVjmNN7z,17987773551319,3,31921619213,15000,10640539737,4.699009752578994e-05
9HQnkDjaJAeHyuLZTu1sZNdBKoNUQb8KDAqzr7aJJMKH,409621122677016,3,32742117090,15000,10914039030,4.581255377826883e-05
wbN6hd9SthoggXoGcBZbv8ofPQpLfaUgRabK511pXcj,60859704665136,1,2627300000,5000,2627300000,0.00019030944315456933
Ae6SVi5jCL63M4i8AfkCa4yPPgar19fEaRSuXBWx8CAF,1187156216207643,17,111952760160,85000,6585456480,7.592488106458491e-05
2gcqk4qaT64aYFH5uwpcAXZkckYbw5mJ6QhP6D2MkK89,1051819186801359,3,36529995000,15000,12176665000,4.1062146326600916e-05
DjwgDAj7tKfQ1zGfGTfVPh9gfm1jCS5PFVjEZYyUQjS5,1281358858221077,21,263159921329,125000,12531424825,4.749963420293252e-05
5UHtUisesHHheitDkds8GV44254EnsrAMPvKKaWX9UtD,858953498365042,16,134046940853,80000,8377933803,5.968058613715808e-05
BLQmbAaHhkjY5PGeBx8Z8kTcVJhB5u8V3UU3bSQ8FPJJ,2810402814711753,5,69282645000,25000,13856529000,3.608407271402528e-05
Av7Kz7fD1gFQGwWqRHajwMMNQtirGm6MUko3MwitdBg5,3058010047265717,7,72125704870,35000,10303672124,4.8526388841654035e-05
3quPavuCpUmfBEfEoTCbvpz9GTRxEUQBL4gemuHmkSFW,950946620582639,3,31744929450,15000,10581643150,4.725164068682471e-05
J3JSEkcivWJxoQUuYcSVHyR76eZ9mkh11y3xqnjzEvhT,97340345822083,7,31907332878,35000,4558190411,0.00010969265320240034
8RRuhyDdHGxrr2ZwgaWBPy71WfyEJQMXvkC8sZ8XZG9z,734529373579985,4,28389583560,20000,7097395890,7.044837398805437e-05
5kbLZ45hNUdf3BhhGziuBQQ4wvJvgcRySqu8Z6ZDtC4B,2663835915702771,3,31317535390,15000,10439178463,4.7896489341206746e-05
6vEghBJQKS5VzCz2FoJ5vWGURHPMrzDYgNnQCrhHGwot,38877649444551,24,83114047129,120000,3463085297,0.00014437992631227535
Fqh465rETWg7hBc82g42xbGtDjWdsYyqB7Jd3givNQEN,2686519068984163,3,29010857410,15000,9670285803,5.170478000015788e-05
AbApEopzD84hTcgdzZAxGvfGhLRMPtvUujz6fJJWygHa,4096849877605689,3,43484052440,15000,14494684146,3.4495405000942e-05
FNQJkFzDgXxj1VBDMDKsxjm6gQCZSejWPXRoJk4dPSqj,169172877884467,6,40957819458,30000,6826303243,7.324608682052363e-05
5Ys5Jw1aApBP8AUExpswhXpcABynj1cNmMHr7GCgpwYB,67941109425342,3,40141595000,15000,13380531666,3.736772293178684e-05
5UzrYgA31hw6kwym6K2ss1NxeNpoBeMPf3Prj7Hjm64t,60383229792355,1,95000000,5000,95000000,0.005263157894736842
6dRWm95H1SwbfRGp4JWLiRK1XGnNJ47yU1Dyo2nEiw3z,2718148139755529,7,42072439902,35000,6010348557,8.318985084184814e-05
DbvuE4rBW2Xhis9PsD8YXscuisyaAmN4qDEXGzFgWXCr,1279856432354676,6,58701300124,30000,9783550020,5.1106193451641304e-05
8JG3hsuYKKfjrz5p5qDuMV5HzJwdvN5TjGPV3nYvAXUi,1263677859350707,5,48990561880,25000,9798112376,5.1030237336808434e-05
As12AehW9nh1rqajkk5QLajrRTG16sVHVLETpKP1V7DX,4065153237780316,7,38793267568,35000,5541895366,9.022184052593442e-05
AEpHkRY1EphToSj37rhP6TimHdymzhagzhGMp6C77RpS,1102506332687103,2,700441130,10000,350220565,0.0014276717302423403
Ghay7Y1PQAn2urTmXdKyJ3ueY27bqU6e8drpsHRUHQsP,2907010706118321,3,27847280020,15000,9282426673,5.386522485940083e-05
5obszZjKc5cmUSX7ycSEQYBTCX4Ks61myKPzknaH2NDp,673681858709119,4,29672169060,20000,7418042265,6.740322879516512e-05
HXMgeuUCmRX2oF4bh3rqBmTXYHBfme4jTXNUdoZeEnLa,25850260647785,9,46275083100,45000,5141675900,9.72445579465637e-05
EhhzqThGrE36yBTab8BPgESj2zNWZVKMyirci8coGDbb,42974362333543,14,61133125590,70000,4366651827,0.00011450420590216056
6mPTzvGarJ6Wioj6i2gdWaBuXtJUR98bw8dEPZz33wAD,24264928479841,4,31431141521,20000,7857785380,6.363116015572472e-05
FA8HLbo2yWn9JCchzikD4mNbXcW2RRhhZ6YGBHnkLAGN,39238457831852,15,66740541950,75000,4449369463,0.00011237547345088648
Fvjz3xv81NAmynSzeZ7WJArZCVL8dbaSZosDcRiT2ATr,451041979797203,3,47815696060,15000,15938565353,3.1370452039802426e-05
CCfNT26oeLR4CLFu3CmCyNojf9dC8zMujJok4k1JCThS,20506140095473,5,60576688470,25000,12115337694,4.1270001103445924e-05
4tw7Afoo4nT9YSTTVWGgvE1PQVRqE17ZvtT6y8a5kALR,1085931498756622,1,6179666050,5000,6179666050,8.091052104668343e-05
EwUM4xcinactjv8kPr1hQyjEzcmckaNqADqgNx7La8wd,77355838931682,4,33701730535,20000,8425432633,5.934413361720269e-05
EuaAKM9xCjm6bZVYrZggVALEYZeTqdUzpZ4vbVjaGuuL,748851829202390,3,46683190600,15000,15561063533,3.213147989075108e-05
6Ef2Nm4gtCN4rY7jYvemEb2WaxaVeMavwto33CXBCwKQ,1069978043648698,12,34186788728,60000,2848899060,0.00017550639364632164
Bw8CAAY4e4BbrrJwVD8fZcLZVBPCvm26dciwJdw42wXn,863289966891372,8,229638577314,40000,28704822164,1.7418676107414373e-05
PPnGUpzFjgpPUNr1M9uXoBKLmpCusyMc29k4iKwJ8NP,2760466963527095,6,42148960000,30000,7024826666,7.11761334087484e-05
gtXGdk5hezCq7JJbCSRSgyMe6FgZtzh6Mg8hNpGRt9m,31827202344741,3,29819585150,15000,9939861716,5.0302510663868167e-05
HXNyfKHn1Bc9zgT2XHrHbDsVf9uM5WaNJEJfSBEPNmGH,20547846389334,5,45700134082,25000,9140026816,5.4704434685338915e-05
7FAwN1LPtbepDLu6piixxFE6uMuK5iJ9JuyEERztPoJ6,424527946761460,3,29903560020,15000,9967853340,5.0161251670261836e-05
GHPvdKCTksAsBCCGgmAJ8TKGmzesmSYRtkesm59X81fg,26376835861494,4,61127985000,20000,15281996250,3.2718238626710826e-05
Cjfdn3mqwCMMorhPYbS1vgi7SEDwtYxGRbKZ3Mo7t6wf,445760982154632,3,29536420420,15000,9845473473,5.078475924537913e-05
bc7cvHTX3KB3qf9Zf8ifxecJ1BZ4snXxQEPD21cAHaj,24905409866809,7,51814985000,35000,7402140714,6.754802688836057e-05
9BKsVBqNtuFh6FVU2WbShNjgcxw3rdVTA3UvQd5TYH6q,851205058713662,24,108643120730,120000,4526796697,0.00011045338093538765
65qEpnaDCXGrCc7Yqn2J4pczjv2brPd6t9TvmC78CMfv,1109027034877418,1,1368620000,5000,1368620000,0.0003653315018047376
3tAtAuGKemXbMVS12UNKwJ1yDCRfM2XcHRMSvjWkbvPQ,988688947151934,12,54722922794,60000,4560243566,0.00010964326636182269
8mX5Py8hiQvY3PxhMNtGmzSG28P6BvuFgkPKfGhj5yth,1127293435796898,5,43789995000,25000,8757999000,5.709066648671689e-05
H7dRJNGaq95D4b8v1Mke5Aou4h5i7Fa7xVyD8sjfMK3K,3093396123595677,23,74915048709,115000,3257176030,0.00015350720847383544
Dh2tDVMSWNRHCoa8UwBTdweXb8kzswSDXnk7wPmECDym,47661350298274,8,32068459466,40000,4008557433,0.0001247331510963577
92LhdXE3uYsNiupWRUDpXKzg2Hw9UFu6NcCQaBPFYPjB,36247311716207,21,104465171942,105000,4974531997,0.00010051196781478227
8FSgF3Ee1nTTvMsaWNK9nEqp1rrHMJrqny3hnYsEcbsn,15952941826060,4,30173359557,25000,7543339889,8.28545457550821e-05
4FkZDmzhWbRFG9bkeN3M9UVa7wtTGXY8qZDPHzpsKJ6c,422429635787334,5,32552856282,25000,6510571256,7.67981764286032e-05
ELRmZ4q7VZhhCm6fMrYJDpnbBtmFQJWTynh7mYgswfA5,861579970462409,3,31824148370,15000,10608049456,4.7134018562269546e-05
7e6yjptgkUrG333RcZgPiF4nWbKcWjQ4zK6JgP6UFJUj,36486892980703,21,94318886996,105000,4491375571,0.00011132446887806572
7S75J9zwyNYUpD48CG6bSuPsjUWcNjN3hNWPkks9FYSP,44993297869918,8,37271948595,40000,4658993574,0.0001073193152165003
DjsNeMtBe1edvZihths5ijK8GQ6NrBYpPwX2aBFi9q6Q,408459825251772,10,62405591118,50000,6240559111,8.012102618410775e-05
GD8gqnuae8pTb7Eu8omn37wwYCRS28poKRejQdZpBxCs,36893177349286,5,52031194890,25000,10406238978,4.804809893920928e-05
x2QfMgK8JA9GDjtCvrUnCycB4nfAU8RipqpRwbvrkFF,17627195947075,3,30260896743,15000,10086965581,4.956892099858153e-05
Cu3qkkNo2Ts9sPZ52VkJyyG3mfZqueJ6LAi4FeiAQyTu,3742299264238795,3,27460560300,15000,9153520100,5.4623794402330534e-05
76SxBSN8nCfvdR4W1TFD8pBLhxyEczggqLA4SFCT9MEc,2919151327922039,57,193891990888,300000,3401613875,0.0001547253182692277
9kmWeHMpowbrX8LGvnYyanMc79iwmbhrzRUE2tqmRcX5,973482543677318,4,27322496160,20000,6830624040,7.319975408864693e-05
61BsvYncxveKjVsUDEkeVGWerjkT7gaCi9ZhGbdYd9yb,656045366488930,3,45266241980,15000,15088747326,3.313727701678318e-05
7N9tgT6MeSjJQ8Tm8joka9fESinng8H2dmBDiLAfDstZ,10790787496080,7,33557590347,35000,4793941478,0.0001042983111662216
7CNazXmWrEFEuMzwgrLBHqjRvc1MFSGGnu18BMGDZUg7,390678653020377,8,57710776296,40000,7213847037,6.931114527872404e-05
AZDMsGFyNoVQ1PGAM9aC8KNMwwCVVE9qtaBeb995LtYk,33344229875548,15,68171623766,75000,4544774917,0.00011001644945034387
5cUhQDDiKpyG5r9EHiEQkhxdwBuWAUUcBte2VZmGNDtg,1908395327827665,3,37356786780,15000,12452262260,4.015334640084909e-05
9XYoa4BFYeDRMrn9TigMLaeMRr3jVweXxgWcwK2ZH5sZ,2691155758112162,3,26679995000,15000,8893331666,5.622189959181027e-05
E8QCVZY4or4Gc9LMYU3mC11wzdqzLVJhjqYkfsrCHUcj,468689154837393,4,26840500860,20000,6710125215,7.451425777901821e-05
ACK412QJPZezT73dnxsHrWvshGc2eF3pTyuxXyGEgPrG,32268311551085,1,1847900000,5000,1847900000,0.00027057741219762974
4b52w9tLagB9KTN4kYjuJogbqGre86FC9ydWaE57Lfdg,10279853660672,9,76833935000,45000,8537103888,5.8567871084566996e-05
64MRi8ALo9q2gVNsY3SQ229oa2H8uRPGSEAzCQNtNMkn,1072636279181632,1,4326506380,5000,4326506380,0.00011556668500740776
6Tw6RXnPCeMv3ejFjCx6TWfnPLZkLdGfwBshWgCJcuhM,885212148922927,3,25461186590,15000,8487062196,5.8913200871365985e-05
CW33J5NHNYJD9cqxgtnaLnbGpgpiSC2XKSJ2YspmxV91,2750285725191631,3,25977373210,15000,8659124403,5.77425587981534e-05
EAvBCnrRQdcaUvZq3hVTc1tsRckLFE2hrqUifSXmDCoH,3243223406464572,14,48653590568,70000,3475256469,0.00014387427357938874
HchPC72vivf9FAy2JjMDKqY4RFNKb51qqUhGjZpuBt6U,2246899565255757,6,36080910000,30000,6013485000,8.31464616607508e-05
2VzHi7cmgVyA7Sq74kRMcaDYzaoSy4UtT9EqRFAn9q8g,38802826076949,6,28765842351,30000,4794307058,0.00010429035810577297
ArhU4KvDu3AUG2S8RkCmt1298Vb5BcPrSVE6PRCjpm2k,1128742122634053,6,39737141290,30000,6622856881,7.549612031993255e-05
53SrmAjM5D27axhB5GbXgu5WrbRuA8iF5yYyPkpDv41M,430568302107864,3,25733068378,15000,8577689459,5.829075561320921e-05
DqrSy4zdHDknFB3hs83o74MX85oyEvryr2hWEnJ8CUp7,27028623865818,3,31989985000,15000,10663328333,4.6889675002973585e-05
DpNYzDxZmhoY3yFxkzhS8Hkd3ZXLHZw9cqMZuXmh63Dr,1886897651700734,4,54928765000,20000,13732191250,3.641079496325832e-05
2L8Ni98vEiNfgAyadk8TLjqLHCcyav9mwZVGGUUUQjq4,157118820038658,5,29742095000,25000,5948419000,8.405594831164382e-05
csmZMGctwPQ1PKQrdeip79n1nX3jBs6NvwihcnUFgn1,2110416244514690,5,62039824180,25000,12407964836,4.029669704973042e-05
BpHT5gWrDVB3Wvf7hJn3DkaqUUMvsiDA5xDGD22EVQpd,38092143037034,4,27179386730,20000,6794846682,7.358517761522722e-05
G8nNNme48K4E9pyFvegjk6Xn7xxdt5CyZoZ5UtGoqCNd,1099831291216866,5,50247220000,25000,10049444000,4.9753996340494066e-05
5Lb2RisJmoGVngeM2fLHoHwkGpBPhvcQDgckjcJYGcEW,2185056622289496,39,136629375421,210000,3503317318,0.00015370047572340942
6x8p83M2R3Y23Xqo5fgLRsq2ZbUvyHNYM52C2RFLzpH7,1854014954559719,4,31154899650,20000,7788724912,6.419536003865768e-05
HaSz5CwnbEod2PrkpbGWy2CW2wF3SakEnYvH3YFyoEby,881187544458486,9,56844654192,45000,6316072688,7.916311681307237e-05
97K2n8H5QFyZcg8bRPsQhL6ZJZ9jHiC1YuhSz9QgG2ZD,37204018594810,3,51036189999,15000,17012063333,2.939090868713732e-05
GKm9y7mFrDgWVTvTxN1GdJQ2nD8FA3xDsWKd3HzWQEJd,63173007754601,11,42322512022,55000,3847501092,0.00012995447900495608
9AEBnbgTvrjyBcNS8jCpefKQNQphWKN5AArYghj5MpbK,36389323547340,14,145310816436,70000,10379344031,4.8172601129682916e-05
GpcEMDtMdHoy8QDRvaNSMBGt1tezg8cxFoj9Pto5TQoH,447052209907475,3,31544227630,15000,10514742543,4.755228175482197e-05
EQSbeftJT7RYT7mckpfSgAvsT1fEBtB6cpze845PBn65,1128520999730599,3,23666415000,15000,7888805000,6.338095567072579e-05
7bM5LtgRKtPd5dUMgdCGwpWVzeB3CQF3Hd6T39u2nins,7038160314904,5,32884991201,25000,6576998240,7.602252300204288e-05
DTizG25FXCHDf6k7UxtDo43tP8QDfnTVPrLthHt3siiX,2202104533755381,4,22932034280,20000,5733008570,8.72142425560686e-05
5mvU7AHhLKysofP5bFR1DwrgJWRPWWtt2H9rqoCCpzMd,390607701098677,3,24130551210,15000,8043517070,6.216186223621703e-05
Edys1mdQ5Zy26LYBbZShWr8D4PP6KS6w5Ly4newaxvzF,2704242379764197,8,64500375414,40000,8062546926,6.201514292476177e-05
9cXBK1Y3oYWtLGRe3ifuNgF82tv8z6fuZQQtF7NmrzzP,1136091680330521,28,73694336363,140000,2631940584,0.00018997389339445948
8efq6oj7bsoYbGNf5PKCqX9MYbVuo63MwKCiEu54B19U,1099749601128220,6,116478787438,30000,19413131239,2.5755762624133233e-05
91XMvJBWpSmAeTSp2EoNJtkEmKkBd3WmK3HtFaUB9kCN,36912254322602,16,104116885000,80000,6507305312,7.683672057611021e-05
5tTjSFTH6UMg823XcQi4nRVRuuNSZrHdrhx9UwpBhU2C,1268519254922364,3,25496686270,15000,8498895423,5.8831174534430975e-05
7bjmQcHFau2Bwyfv9teY4C1e4iw7SUdbTddtCNhiaA3d,730559874653895,8,46755668092,40000,5844458511,8.555112488456579e-05
9bLhZ2bv1KzY9D9fENDbsszZbWvVi1VpYGU9y8uzv6jG,3155192194984628,14,53019676526,70000,3787119751,0.00013202645618871914
FuPwnzxUX8S5DoEX9gwnixGJYwS1rvvuB311cqtPbJFb,16995969085605,6,27180095454,30000,4530015909,0.00011037488831035362
2AiWTAnkctXpVxCZbjyY3oPb4T6FPcUZHKVvZXnbWruj,97321550763654,5,44471813607,25000,8894362721,5.621538222148179e-05
A358Sg31ohxornBy9crAAVVdZ1WEpaZWyfr9ZXyRL7oe,1139066305964965,5,45339149990,25000,9067829998,5.5139983889230385e-05
Bsg1qhijLwuLFugAhRyARzjzYwwjJAfjFRLGbUraUALT,1918293335062820,3,35757842130,15000,11919280710,4.194884004875492e-05
8PpTGi4fzYRXciuHawuPwgjmYS9kDpHECRWkjVhtsBCa,1014926926262458,8,67581248630,40000,8447656078,5.918801562693175e-05
H4udXRZ9YzggqE9NLc3rBJ1odsRx73esXGqXQXQFzyGm,521445193762346,3,51747792000,15000,17249264000,2.8986744014121413e-05
JAGY9nEHsrRJpbv1HW3Jm2UW3fAb5GT8MuBzbJHQEh4f,1099813513813707,5,59499133620,25000,11899826724,4.201741853867351e-05
8cLuKp7YmETEWf83kPi8N1RbpyCiDze7hGazcqmzZMqA,30645612432164,3,31430664715,15000,10476888238,4.7724094084594356e-05
DBhTXMmif5SRZsUPdekD8iNjtKPwQUJmc9R3LhnUWq2K,1104850082428205,5,27042497146,25000,5408499429,9.244708380674779e-05
5FCSZZoRD9nga7bV4xVcYeiJxM7aaU5DvcRNTETUyQTG,1437736870205201,7,50246628260,35000,7178089751,6.965641519047472e-05
59ZnSouDK6biHMe3S2vJQgP53NCMLReebh3PiYFtqfk6,1014900730475836,3,23630839329,15000,7876946443,6.347637420390673e-05
GC7MGk5k9bCu95CqWNBEhY1tHBkFpDrJ7mqqouEBYB3g,1057749489826480,97,700944690712,485000,7226233924,6.919233520512875e-05
AP87uZ1Lpajb2dos8nwT3ZYUSFTJjPcY7qnFSZgVWpMF,1099962952502715,1,10045367880,5000,10045367880,4.977418507444447e-05
6qxb4CpJcagy7UV7ieE2gNaUx4jtF1txYiPD23HMENnD,2529892002518745,3,31937995000,15000,10645998333,4.696600397113219e-05
CmgGFnYW9KQA5bM8ikWbTPSc5hvn3tr5MJ6oWFiUD6yN,1933620105768315,10,44260039092,50000,4426003909,0.0001129687208275365
36aNKnYAWuecBbJtHtogrcJZ87BuEYiscscYyE5Cy4Co,68246044987258,10,506249060220,50000,50624906022,9.876561544286436e-06
9UviTGNyMXUR6bvUG6QqXK6wYf2A6BSGqdD4mDEDnYjP,4228376826604081,5,34139829280,25000,6827965856,7.322825136283164e-05
6wpmW1AwvRFbLD3as8kficPqebMWb5p4ZPjPqXxPLMV4,43927639923630,5,57704673168,25000,11540934633,4.332404747742978e-05
DhPLuD9FfvdXnvbDRuLi6DRXzACcYmD681A1DcBc2gRB,1086198181326037,3,36062731580,15000,12020910526,4.159418697034818e-05
8kkn8epgsCFG6Tat1tVGVDbqPhro9TbmQi3fwSjg75rs,745064645351910,6,49474469540,30000,8245744923,6.063733533463167e-05
AmXYLwhD4EmpDe1DukMBMWr22vXGZ6QvvzAsxjmggk1j,2982632926838140,3,28884035000,15000,9628011666,5.193180246457949e-05
DP1gG1UgNr4S1kFGrVCDjWtmR8L5qiA9u3KxREDoXaCv,399386453015280,10,96144289010,50000,9614428901,5.200516901716282e-05
ivg9Cwy7LNsAN6jYimFyY1YVtzh2Jy8ViAziM6RLroU,1114326534869883,6,48540311340,30000,8090051890,6.18043007385457e-05
3qPAgKvGts1jkuMRGK9X3yCcbvD67iuEgzY2EUqpg3PH,42145685843102,3,28989974934,15000,9663324978,5.1742024731479546e-05
8qJcpRBqjDkAnu8KV2XAQAMPEq41ZfbusZXch6eNeUCR,33540955972939,1,383522545,5000,383522545,0.0013037043233012546
8NWAHqYrC3acYY3n4fFXqUcC6twsi46EbtG1QbfYnXvX,43169068688245,4,23270970000,20000,5817742500,8.594398944264033e-05
DHMx8gg7nVpqTkrTPMhjbyi993WbJBBZVTqhp5YcAV36,3034042170165620,4,23578086520,20000,5894521630,8.482452544669006e-05
Gjxn3myDeUqm5JnrfrV3SP11gdtYVKHBJRkqR2ZLQ8D7,65798593469077,18,86441737044,90000,4802318724,0.0001041163714169566
FuaEPgcByrwnDXaUaAz7goijGtSQXKTyTZnfNatLLVHD,32066507287354,5,36434038044,25000,7286807608,6.861715401902049e-05
75AekinciPVcdkTnwkoXsXRA7r3krzhtuP2eYts611TM,47086440872154,5,30326524219,25000,6065304843,8.243608736518886e-05
26kahkUyfagLZ3fwko1QbdH3qKJjL8hXUhHKE9JpXNVr,84312013710474,18,83252476070,90000,4625137559,0.00010810489278940674
GyKcyuAEZC42ixdQ5ySa8Vai9KEkVxz5JRnvbEPKU4Bf,1098840575033365,1,1584556700,5000,1584556700,0.00031554566649461013
2pvkEZQKfqXZPkmh8KZZTyvma4AB5bVK2N3wRNa4UB3Y,6442516287894,5,42798705107,25000,8559741021,5.8412982209387204e-05
5qmbVaJTAKa9cmejGXjKt8gboYyY4JPLf5mcHWtUMcUt,1099910628015041,4,40021763972,20000,10005440993,4.997280982915293e-05
7FkQmfCkGVuom769umqkNtYStyurW4GW9f2nWaUz1yJN,1103076369687640,4,26449812220,20000,6612453055,7.561490355261207e-05
